event_id,store_id,campaign_id,product_code,base_price,promo_type,quantity_sold(before_promo),quantity_sold(after_promo),Promo
7f650b,STCBE-2,CAMP_SAN_01,P11,190,50% OFF,34,52,50
a21f91,STBLR-8,CAMP_DIW_01,P03,156,25% OFF,393,322,25
78bc80,STVJD-0,CAMP_SAN_01,P07,300,BOGOF,22,85,50
a1503f,STCBE-1,CAMP_DIW_01,P15,3000,500 Cashback,329,1000,16.666
1091cf,STBLR-6,CAMP_DIW_01,P05,55,25% OFF,108,93,25
8.02E+96,STBLR-4,CAMP_DIW_01,P11,190,50% OFF,91,116,50
73d86f,STVSK-2,CAMP_SAN_01,P10,50,25% OFF,31,26,25
fe3560,STHYD-4,CAMP_DIW_01,P13,350,BOGOF,73,245,50
6b2afc,STCBE-4,CAMP_SAN_01,P08,1190,BOGOF,30,79,50
ce5851,STMDU-2,CAMP_SAN_01,P03,200,BOGOF,318,1265,50
dd6685,STMYS-2,CAMP_DIW_01,P06,415,25% OFF,78,70,25
8f25a6,STHYD-6,CAMP_SAN_01,P15,3000,500 Cashback,126,302,16.666
5c3c33,STCHE-6,CAMP_DIW_01,P12,62,50% OFF,154,207,50
d290a1,STBLR-3,CAMP_DIW_01,P04,290,25% OFF,343,270,25
635862,STVSK-4,CAMP_SAN_01,P02,860,33% OFF,348,480,33
c0ecb5,STCHE-2,CAMP_SAN_01,P07,300,BOGOF,43,167,50
182caa,STCHE-5,CAMP_SAN_01,P06,415,25% OFF,39,33,25
c4db5b,STTRV-0,CAMP_DIW_01,P01,172,33% OFF,164,236,33
94f48c,STVSK-1,CAMP_SAN_01,P06,415,25% OFF,22,16,25
7ef92f,STHYD-5,CAMP_SAN_01,P07,300,BOGOF,55,213,50
0f422c,STBLR-0,CAMP_DIW_01,P14,1020,BOGOF,42,168,50
1e9a06,STCHE-4,CAMP_DIW_01,P13,350,BOGOF,84,338,50
02ebe9,STBLR-8,CAMP_DIW_01,P11,190,50% OFF,66,88,50
260ff2,STMYS-2,CAMP_SAN_01,P01,172,33% OFF,204,291,33
7fc923,STTRV-0,CAMP_SAN_01,P08,1190,BOGOF,19,74,50
b08c12,STMDU-3,CAMP_DIW_01,P03,156,25% OFF,227,202,25
ca7298,STCBE-2,CAMP_SAN_01,P15,3000,500 Cashback,85,228,16.666
bf33ae,STMYS-0,CAMP_DIW_01,P14,1020,BOGOF,59,182,50
35fb5b,STCBE-2,CAMP_DIW_01,P13,350,BOGOF,50,190,50
def6ff,STMDU-0,CAMP_DIW_01,P11,190,50% OFF,70,89,50
2f3e5d,STCHE-2,CAMP_SAN_01,P01,172,33% OFF,333,402,33
ca3893,STMYS-1,CAMP_SAN_01,P09,90,25% OFF,52,39,25
922e6a,STBLR-8,CAMP_SAN_01,P05,55,25% OFF,34,24,25
4f0587,STMDU-0,CAMP_SAN_01,P08,1190,BOGOF,33,136,50
fa5b45,STVJD-1,CAMP_SAN_01,P08,1190,BOGOF,27,109,50
df45ee,STHYD-3,CAMP_DIW_01,P01,172,33% OFF,309,534,33
f3ac85,STBLR-5,CAMP_SAN_01,P03,200,BOGOF,348,1350,50
292ca5,STHYD-2,CAMP_DIW_01,P04,290,25% OFF,287,220,25
620715,STMYS-3,CAMP_SAN_01,P03,200,BOGOF,340,1485,50
7e9777,STVJD-1,CAMP_DIW_01,P08,1190,BOGOF,24,82,50
761785,STBLR-4,CAMP_SAN_01,P14,1020,BOGOF,121,474,50
eb3bea,STVSK-2,CAMP_SAN_01,P15,3000,500 Cashback,109,238,16.666
276150,STCBE-3,CAMP_SAN_01,P07,300,BOGOF,33,128,50
3beb46,STMYS-2,CAMP_SAN_01,P13,350,BOGOF,81,208,50
47af00,STVJD-1,CAMP_DIW_01,P03,156,25% OFF,183,150,25
627200,STCBE-4,CAMP_DIW_01,P14,1020,BOGOF,36,111,50
bc8315,STHYD-1,CAMP_DIW_01,P12,62,50% OFF,122,135,50
1f083a,STVJD-0,CAMP_SAN_01,P06,415,25% OFF,16,14,25
c1e0b6,STCHE-6,CAMP_SAN_01,P01,172,33% OFF,273,379,33
f60d93,STCBE-0,CAMP_DIW_01,P05,55,25% OFF,78,75,25
a10402,STVSK-2,CAMP_SAN_01,P02,860,33% OFF,295,436,33
741bef,STMYS-0,CAMP_SAN_01,P13,350,BOGOF,114,287,50
105788,STCHE-0,CAMP_SAN_01,P07,300,BOGOF,58,232,50
a85a9a,STHYD-2,CAMP_SAN_01,P10,50,25% OFF,42,31,25
4.47E+06,STVJD-0,CAMP_SAN_01,P04,370,BOGOF,253,1017,50
830e9a,STCHE-1,CAMP_DIW_01,P01,172,33% OFF,325,396,33
29524a,STBLR-9,CAMP_SAN_01,P10,50,25% OFF,40,36,25
3ce076,STMLR-1,CAMP_DIW_01,P11,190,50% OFF,38,50,50
32fa85,STCHE-3,CAMP_DIW_01,P05,55,25% OFF,106,92,25
42f304,STCBE-3,CAMP_DIW_01,P06,415,25% OFF,66,57,25
a929ed,STHYD-5,CAMP_DIW_01,P03,156,25% OFF,358,347,25
6dae49,STBLR-1,CAMP_DIW_01,P05,55,25% OFF,117,114,25
3b54c7,STHYD-3,CAMP_DIW_01,P04,290,25% OFF,367,297,25
7d6e2a,STMLR-0,CAMP_DIW_01,P03,156,25% OFF,166,146,25
c8ce63,STMDU-0,CAMP_DIW_01,P15,3000,500 Cashback,369,1221,16.666
bd1314,STMYS-2,CAMP_SAN_01,P05,55,25% OFF,37,30,25
7634c0,STMLR-0,CAMP_SAN_01,P10,50,25% OFF,15,12,25
d304f9,STCHE-5,CAMP_DIW_01,P04,290,25% OFF,309,268,25
34ac29,STMDU-0,CAMP_DIW_01,P06,415,25% OFF,73,64,25
57a7bc,STHYD-5,CAMP_SAN_01,P14,1020,BOGOF,100,391,50
70e65e,STCBE-0,CAMP_DIW_01,P15,3000,500 Cashback,320,937,16.666
cf2a34,STHYD-3,CAMP_DIW_01,P06,415,25% OFF,106,81,25
1c1cb7,STHYD-5,CAMP_SAN_01,P10,50,25% OFF,39,35,25
8.25E+90,STBLR-3,CAMP_DIW_01,P05,55,25% OFF,112,88,25
ad56bd,STMLR-2,CAMP_DIW_01,P09,110,50% OFF,36,37,50
32efe6,STVSK-3,CAMP_SAN_01,P08,1190,BOGOF,30,81,50
eaa64b,STBLR-3,CAMP_SAN_01,P09,90,25% OFF,58,43,25
9e82db,STMDU-1,CAMP_DIW_01,P05,55,25% OFF,92,79,25
d5b8af,STVJD-1,CAMP_SAN_01,P11,190,50% OFF,25,35,50
6d24bc,STMDU-2,CAMP_DIW_01,P03,156,25% OFF,206,179,25
107747,STHYD-1,CAMP_SAN_01,P02,860,33% OFF,488,580,33
04da18,STVSK-4,CAMP_SAN_01,P03,200,BOGOF,223,604,50
3a3e96,STBLR-6,CAMP_DIW_01,P07,300,BOGOF,68,263,50
8f1624,STVJD-0,CAMP_DIW_01,P10,65,50% OFF,57,75,50
b8269b,STBLR-1,CAMP_DIW_01,P13,350,BOGOF,77,232,50
c6ca4d,STHYD-2,CAMP_SAN_01,P02,860,33% OFF,465,646,33
987463,STBLR-0,CAMP_SAN_01,P07,300,BOGOF,45,185,50
0b51fe,STHYD-3,CAMP_SAN_01,P10,50,25% OFF,39,29,25
d1ceaf,STBLR-5,CAMP_SAN_01,P10,50,25% OFF,36,29,25
d834f0,STMYS-3,CAMP_SAN_01,P08,1190,BOGOF,34,147,50
1ed982,STCHE-6,CAMP_DIW_01,P13,350,BOGOF,75,252,50
e9c690,STMDU-3,CAMP_SAN_01,P09,90,25% OFF,45,38,25
268ca2,STVJD-0,CAMP_SAN_01,P15,3000,500 Cashback,63,151,16.666
a1624e,STHYD-1,CAMP_DIW_01,P02,860,33% OFF,351,449,33
31b59d,STVSK-3,CAMP_SAN_01,P10,50,25% OFF,27,21,25
82454e,STMLR-1,CAMP_DIW_01,P05,55,25% OFF,54,48,25
1548f8,STVSK-4,CAMP_SAN_01,P15,3000,500 Cashback,100,175,16.666
84a2f4,STCHE-7,CAMP_SAN_01,P04,370,BOGOF,423,1801,50
9e59d5,STVSK-1,CAMP_DIW_01,P05,55,25% OFF,64,49,25
873333,STMLR-0,CAMP_DIW_01,P15,3000,500 Cashback,196,509,16.666
8b751b,STMLR-0,CAMP_SAN_01,P05,55,25% OFF,15,12,25
f856b9,STMLR-2,CAMP_SAN_01,P15,3000,500 Cashback,66,147,16.666
dcaa89,STHYD-6,CAMP_SAN_01,P13,350,BOGOF,100,403,50
677e2c,STHYD-1,CAMP_SAN_01,P13,350,BOGOF,122,326,50
b00eeb,STCHE-0,CAMP_SAN_01,P08,1190,BOGOF,51,196,50
8ff468,STVJD-0,CAMP_SAN_01,P03,200,BOGOF,193,773,50
72f6b4,STTRV-0,CAMP_SAN_01,P02,860,33% OFF,241,344,33
300664,STHYD-5,CAMP_DIW_01,P13,350,BOGOF,80,276,50
7ecbbb,STHYD-1,CAMP_DIW_01,P06,415,25% OFF,103,88,25
2dc515,STMYS-3,CAMP_SAN_01,P01,172,33% OFF,232,294,33
a4fb0b,STMDU-0,CAMP_SAN_01,P02,860,33% OFF,318,448,33
f2d198,STTRV-1,CAMP_DIW_01,P03,156,25% OFF,166,157,25
df5c15,STBLR-5,CAMP_DIW_01,P06,415,25% OFF,101,90,25
4e6a19,STHYD-3,CAMP_SAN_01,P07,300,BOGOF,45,121,50
6436da,STMDU-1,CAMP_SAN_01,P08,1190,BOGOF,30,118,50
852b4f,STHYD-5,CAMP_SAN_01,P12,62,50% OFF,49,70,50
26322a,STMLR-0,CAMP_DIW_01,P10,65,50% OFF,52,71,50
57576d,STBLR-5,CAMP_SAN_01,P08,1190,BOGOF,49,194,50
af646e,STHYD-4,CAMP_SAN_01,P11,190,50% OFF,54,78,50
ccbc3a,STTRV-0,CAMP_DIW_01,P06,415,25% OFF,52,49,25
572031,STBLR-6,CAMP_SAN_01,P03,200,BOGOF,423,1734,50
5a21a5,STBLR-4,CAMP_SAN_01,P10,50,25% OFF,31,26,25
c6bf42,STCBE-3,CAMP_DIW_01,P07,300,BOGOF,52,173,50
f5ff07,STCHE-6,CAMP_DIW_01,P11,190,50% OFF,80,100,50
2c8137,STVSK-3,CAMP_SAN_01,P07,300,BOGOF,31,77,50
4e3a3d,STVJD-0,CAMP_DIW_01,P02,860,33% OFF,197,285,33
582098,STMYS-1,CAMP_SAN_01,P14,1020,BOGOF,109,453,50
9387d1,STHYD-6,CAMP_DIW_01,P02,860,33% OFF,329,470,33
6c9451,STVSK-0,CAMP_DIW_01,P03,156,25% OFF,259,225,25
9c74f7,STBLR-9,CAMP_DIW_01,P09,110,50% OFF,71,90,50
c3bbcc,STBLR-2,CAMP_SAN_01,P07,300,BOGOF,31,122,50
00a25a,STCHE-3,CAMP_SAN_01,P12,62,50% OFF,64,89,50
7b0f7d,STVJD-1,CAMP_DIW_01,P01,172,33% OFF,180,255,33
b484bd,STTRV-1,CAMP_DIW_01,P06,415,25% OFF,36,34,25
3aaafb,STMDU-2,CAMP_DIW_01,P06,415,25% OFF,50,43,25
20d916,STCBE-1,CAMP_DIW_01,P07,300,BOGOF,57,188,50
eccfbe,STCHE-1,CAMP_DIW_01,P02,860,33% OFF,364,451,33
71a7a0,STCHE-6,CAMP_DIW_01,P14,1020,BOGOF,59,195,50
fd2628,STBLR-8,CAMP_DIW_01,P15,3000,500 Cashback,437,1306,16.666
7b187a,STVSK-1,CAMP_SAN_01,P14,1020,BOGOF,82,322,50
345b49,STMDU-2,CAMP_SAN_01,P14,1020,BOGOF,76,300,50
1c4a78,STMLR-2,CAMP_SAN_01,P12,62,50% OFF,27,31,50
70c312,STHYD-4,CAMP_SAN_01,P13,350,BOGOF,135,534,50
1ee94b,STHYD-0,CAMP_DIW_01,P13,350,BOGOF,68,235,50
c381ea,STMLR-1,CAMP_SAN_01,P08,1190,BOGOF,27,106,50
8724c8,STCBE-4,CAMP_SAN_01,P04,370,BOGOF,363,990,50
8f3699,STVSK-3,CAMP_DIW_01,P03,156,25% OFF,196,174,25
bfb2b4,STBLR-7,CAMP_SAN_01,P13,350,BOGOF,133,559,50
19e2f0,STCHE-7,CAMP_SAN_01,P11,190,50% OFF,58,81,50
a0d919,STMDU-1,CAMP_DIW_01,P08,1190,BOGOF,35,122,50
98c85b,STMLR-2,CAMP_DIW_01,P13,350,BOGOF,38,133,50
d60641,STHYD-0,CAMP_DIW_01,P03,156,25% OFF,351,305,25
a340fc,STBLR-4,CAMP_DIW_01,P05,55,25% OFF,136,121,25
4dca21,STVSK-1,CAMP_SAN_01,P04,370,BOGOF,252,985,50
ff18f2,STVSK-3,CAMP_DIW_01,P15,3000,500 Cashback,260,681,16.666
b79fd9,STVJD-1,CAMP_DIW_01,P04,290,25% OFF,150,123,25
c23e33,STHYD-6,CAMP_SAN_01,P11,190,50% OFF,49,69,50
cf734f,STHYD-4,CAMP_SAN_01,P08,1190,BOGOF,51,203,50
0951b6,STMYS-1,CAMP_DIW_01,P09,110,50% OFF,103,159,50
413f48,STVSK-0,CAMP_SAN_01,P14,1020,BOGOF,61,234,50
de1ced,STCHE-3,CAMP_DIW_01,P03,156,25% OFF,330,290,25
291ddf,STCBE-1,CAMP_SAN_01,P03,200,BOGOF,267,1054,50
aa1bbd,STCBE-0,CAMP_SAN_01,P10,50,25% OFF,25,22,25
53a947,STBLR-1,CAMP_SAN_01,P06,415,25% OFF,39,36,25
b8f698,STMDU-3,CAMP_DIW_01,P10,65,50% OFF,68,76,50
13ad42,STMDU-0,CAMP_DIW_01,P03,156,25% OFF,241,209,25
93e61f,STBLR-4,CAMP_DIW_01,P10,65,50% OFF,92,120,50
3070a3,STVSK-3,CAMP_DIW_01,P10,65,50% OFF,68,76,50
cf0a2a,STHYD-3,CAMP_DIW_01,P09,110,50% OFF,92,147,50
ae5745,STCBE-4,CAMP_DIW_01,P06,415,25% OFF,68,61,25
695cd9,STTRV-1,CAMP_SAN_01,P07,300,BOGOF,21,82,50
b76614,STMLR-0,CAMP_SAN_01,P12,62,50% OFF,33,47,50
d42636,STBLR-6,CAMP_SAN_01,P05,55,25% OFF,25,20,25
d9d3f4,STMYS-1,CAMP_DIW_01,P10,65,50% OFF,103,158,50
8cbaa3,STHYD-2,CAMP_SAN_01,P08,1190,BOGOF,60,238,50
aaea9e,STTRV-0,CAMP_DIW_01,P10,65,50% OFF,68,93,50
34a266,STMLR-0,CAMP_DIW_01,P08,1190,BOGOF,24,70,50
b017e0,STMDU-3,CAMP_DIW_01,P02,860,33% OFF,276,345,33
7014a8,STBLR-8,CAMP_SAN_01,P14,1020,BOGOF,97,385,50
9e2de4,STMLR-0,CAMP_SAN_01,P07,300,BOGOF,21,54,50
ec29f9,STTRV-1,CAMP_SAN_01,P06,415,25% OFF,21,19,25
5c50b6,STHYD-6,CAMP_SAN_01,P09,90,25% OFF,55,45,25
e2a523,STHYD-5,CAMP_DIW_01,P07,300,BOGOF,59,195,50
166a02,STCHE-6,CAMP_SAN_01,P13,350,BOGOF,111,445,50
61b929,STVSK-2,CAMP_DIW_01,P14,1020,BOGOF,33,109,50
908a96,STHYD-4,CAMP_SAN_01,P12,62,50% OFF,52,72,50
d0f417,STCBE-4,CAMP_DIW_01,P12,62,50% OFF,89,112,50
c4b10c,STCHE-5,CAMP_DIW_01,P06,415,25% OFF,87,77,25
e39703,STBLR-9,CAMP_DIW_01,P08,1190,BOGOF,47,163,50
1.11E+11,STMYS-3,CAMP_SAN_01,P11,190,50% OFF,43,48,50
029ff8,STMLR-0,CAMP_SAN_01,P01,172,33% OFF,169,236,33
daff65,STMLR-0,CAMP_DIW_01,P11,190,50% OFF,35,45,50
108a63,STHYD-3,CAMP_SAN_01,P05,55,25% OFF,30,22,25
e7d681,STCHE-5,CAMP_DIW_01,P13,350,BOGOF,66,226,50
02fa4b,STVSK-4,CAMP_DIW_01,P01,172,33% OFF,155,218,33
2b0a40,STHYD-2,CAMP_DIW_01,P13,350,BOGOF,82,273,50
406a98,STBLR-5,CAMP_SAN_01,P01,172,33% OFF,264,361,33
ad1849,STCHE-1,CAMP_DIW_01,P05,55,25% OFF,119,107,25
cfa879,STCHE-4,CAMP_SAN_01,P13,350,BOGOF,114,502,50
d2b963,STVJD-0,CAMP_SAN_01,P14,1020,BOGOF,48,187,50
2e3393,STCHE-3,CAMP_SAN_01,P14,1020,BOGOF,112,460,50
68718c,STCHE-0,CAMP_DIW_01,P04,290,25% OFF,309,265,25
591730,STBLR-2,CAMP_SAN_01,P09,90,25% OFF,64,53,25
7d1872,STMYS-2,CAMP_DIW_01,P02,860,33% OFF,283,430,33
4b3df6,STTRV-1,CAMP_SAN_01,P14,1020,BOGOF,61,234,50
55b461,STMDU-0,CAMP_SAN_01,P06,415,25% OFF,21,17,25
6b26bc,STHYD-2,CAMP_SAN_01,P05,55,25% OFF,24,18,25
dbd453,STMLR-1,CAMP_SAN_01,P03,200,BOGOF,195,776,50
1fcb3a,STVSK-4,CAMP_DIW_01,P05,55,25% OFF,89,72,25
0a45d8,STTRV-0,CAMP_DIW_01,P02,860,33% OFF,196,303,33
e4235a,STVJD-0,CAMP_SAN_01,P09,90,25% OFF,33,30,25
ca1e8f,STHYD-1,CAMP_DIW_01,P08,1190,BOGOF,54,167,50
aa76f1,STHYD-0,CAMP_SAN_01,P11,190,50% OFF,42,65,50
e8aca2,STCBE-4,CAMP_DIW_01,P08,1190,BOGOF,40,119,50
c8670a,STCHE-0,CAMP_DIW_01,P15,3000,500 Cashback,343,1056,16.666
c99d18,STCHE-7,CAMP_DIW_01,P08,1190,BOGOF,54,218,50
bcbc28,STVSK-1,CAMP_DIW_01,P02,860,33% OFF,253,389,33
d7e3d8,STVJD-1,CAMP_DIW_01,P13,350,BOGOF,36,124,50
5991de,STMDU-0,CAMP_DIW_01,P09,110,50% OFF,43,58,50
4ad894,STMLR-1,CAMP_DIW_01,P03,156,25% OFF,192,165,25
72f1c0,STVSK-4,CAMP_DIW_01,P11,190,50% OFF,57,72,50
465ef1,STCHE-4,CAMP_DIW_01,P04,290,25% OFF,304,273,25
db76f3,STBLR-0,CAMP_DIW_01,P01,172,33% OFF,294,438,33
8f4f8c,STVJD-1,CAMP_DIW_01,P02,860,33% OFF,210,321,33
dd2475,STBLR-4,CAMP_DIW_01,P04,290,25% OFF,325,289,25
a0a2ec,STBLR-8,CAMP_SAN_01,P01,172,33% OFF,346,491,33
0f1be6,STCBE-2,CAMP_DIW_01,P12,62,50% OFF,89,129,50
5b357f,STMDU-1,CAMP_DIW_01,P15,3000,500 Cashback,322,985,16.666
380012,STMDU-3,CAMP_DIW_01,P06,415,25% OFF,56,50,25
3906da,STMLR-2,CAMP_SAN_01,P09,90,25% OFF,33,27,25
c917a3,STCHE-3,CAMP_DIW_01,P04,290,25% OFF,350,311,25
3a8b79,STMDU-0,CAMP_DIW_01,P07,300,BOGOF,49,199,50
c48008,STBLR-2,CAMP_DIW_01,P14,1020,BOGOF,47,162,50
88a405,STMLR-2,CAMP_DIW_01,P12,62,50% OFF,63,71,50
1ba928,STMDU-1,CAMP_DIW_01,P04,290,25% OFF,255,219,25
7d5e81,STCHE-5,CAMP_SAN_01,P07,300,BOGOF,43,167,50
43feca,STMDU-3,CAMP_DIW_01,P13,350,BOGOF,56,184,50
9779b0,STVSK-2,CAMP_DIW_01,P10,65,50% OFF,85,128,50
bd2635,STHYD-5,CAMP_DIW_01,P04,290,25% OFF,327,310,25
4f255c,STHYD-1,CAMP_SAN_01,P08,1190,BOGOF,52,134,50
386fdc,STVSK-1,CAMP_DIW_01,P01,172,33% OFF,257,364,33
3df185,STCBE-2,CAMP_DIW_01,P11,190,50% OFF,40,62,50
a37f93,STVSK-3,CAMP_DIW_01,P14,1020,BOGOF,38,117,50
939435,STMLR-2,CAMP_SAN_01,P07,300,BOGOF,24,96,50
38b760,STMDU-0,CAMP_DIW_01,P14,1020,BOGOF,33,126,50
660f7c,STMYS-1,CAMP_SAN_01,P07,300,BOGOF,43,186,50
5c8b9f,STMDU-1,CAMP_DIW_01,P01,172,33% OFF,187,289,33
9.57E+11,STHYD-1,CAMP_SAN_01,P15,3000,500 Cashback,103,177,16.666
ddddb3,STBLR-2,CAMP_DIW_01,P09,110,50% OFF,103,136,50
90b2fb,STCHE-6,CAMP_DIW_01,P07,300,BOGOF,59,201,50
cf9994,STCHE-5,CAMP_SAN_01,P10,50,25% OFF,37,31,25
fb4f00,STCHE-0,CAMP_DIW_01,P11,190,50% OFF,80,102,50
b41e58,STCBE-4,CAMP_DIW_01,P02,860,33% OFF,255,377,33
567271,STMDU-0,CAMP_DIW_01,P10,65,50% OFF,78,102,50
902a62,STHYD-2,CAMP_DIW_01,P06,415,25% OFF,96,77,25
da5d21,STBLR-9,CAMP_DIW_01,P10,65,50% OFF,92,125,50
8f2264,STBLR-7,CAMP_DIW_01,P12,62,50% OFF,124,184,50
1e2a0e,STBLR-9,CAMP_DIW_01,P01,172,33% OFF,329,467,33
7a6449,STHYD-3,CAMP_DIW_01,P10,65,50% OFF,131,203,50
6.24E+11,STMLR-0,CAMP_SAN_01,P03,200,BOGOF,206,541,50
5aa413,STCHE-1,CAMP_SAN_01,P08,1190,BOGOF,43,109,50
11a64e,STCHE-7,CAMP_SAN_01,P06,415,25% OFF,31,28,25
67820e,STBLR-0,CAMP_SAN_01,P10,50,25% OFF,31,25,25
cd0d8e,STMDU-2,CAMP_DIW_01,P11,190,50% OFF,66,77,50
ee63b3,STHYD-4,CAMP_DIW_01,P02,860,33% OFF,362,521,33
abffa2,STCHE-5,CAMP_DIW_01,P07,300,BOGOF,59,206,50
5487a6,STBLR-0,CAMP_DIW_01,P03,156,25% OFF,358,315,25
0a4160,STCHE-7,CAMP_DIW_01,P03,156,25% OFF,330,323,25
6422b4,STCBE-0,CAMP_DIW_01,P01,172,33% OFF,255,425,33
6c7601,STCBE-2,CAMP_SAN_01,P14,1020,BOGOF,78,334,50
d3575d,STMLR-2,CAMP_DIW_01,P02,860,33% OFF,210,268,33
75ad53,STVJD-1,CAMP_DIW_01,P05,55,25% OFF,59,48,25
a08c5e,STMYS-2,CAMP_DIW_01,P05,55,25% OFF,99,88,25
d8a4ae,STBLR-0,CAMP_SAN_01,P05,55,25% OFF,28,22,25
14f1e9,STBLR-4,CAMP_DIW_01,P08,1190,BOGOF,49,163,50
11178a,STCBE-0,CAMP_DIW_01,P07,300,BOGOF,36,118,50
62775f,STCHE-2,CAMP_DIW_01,P07,300,BOGOF,59,196,50
5.88E+11,STHYD-3,CAMP_DIW_01,P12,62,50% OFF,112,178,50
4fca07,STMLR-2,CAMP_SAN_01,P01,172,33% OFF,183,215,33
a216f7,STCBE-2,CAMP_DIW_01,P06,415,25% OFF,77,68,25
18a68a,STMLR-0,CAMP_DIW_01,P01,172,33% OFF,173,250,33
1f5ed3,STVSK-1,CAMP_SAN_01,P08,1190,BOGOF,33,131,50
58e374,STBLR-0,CAMP_DIW_01,P07,300,BOGOF,64,250,50
f7aec5,STCHE-5,CAMP_SAN_01,P13,350,BOGOF,87,341,50
f4192d,STMYS-1,CAMP_DIW_01,P11,190,50% OFF,84,121,50
a71e7c,STCBE-2,CAMP_SAN_01,P12,62,50% OFF,33,51,50
f49149,STMYS-0,CAMP_SAN_01,P06,415,25% OFF,27,22,25
e7cb59,STCHE-3,CAMP_DIW_01,P11,190,50% OFF,96,120,50
8b1147,STVSK-0,CAMP_SAN_01,P15,3000,500 Cashback,73,170,16.666
8d349f,STCBE-4,CAMP_SAN_01,P10,50,25% OFF,22,18,25
096adc,STBLR-8,CAMP_SAN_01,P02,860,33% OFF,441,626,33
5f0a89,STBLR-3,CAMP_SAN_01,P15,3000,500 Cashback,114,249,16.666
127984,STMLR-2,CAMP_DIW_01,P04,290,25% OFF,141,125,25
e8a904,STCHE-7,CAMP_DIW_01,P05,55,25% OFF,112,107,25
f1b7e9,STCHE-3,CAMP_DIW_01,P14,1020,BOGOF,52,211,50
62d659,STHYD-6,CAMP_DIW_01,P10,65,50% OFF,105,137,50
333b7d,STHYD-6,CAMP_DIW_01,P08,1190,BOGOF,49,166,50
da9b71,STVSK-1,CAMP_DIW_01,P06,415,25% OFF,63,51,25
463205,STVSK-2,CAMP_DIW_01,P02,860,33% OFF,215,371,33
2b0db4,STMLR-2,CAMP_DIW_01,P14,1020,BOGOF,21,73,50
003e8d,STCHE-3,CAMP_DIW_01,P02,860,33% OFF,371,519,33
b0ab6c,STHYD-4,CAMP_SAN_01,P06,415,25% OFF,34,31,25
2d7f62,STCHE-2,CAMP_SAN_01,P11,190,50% OFF,58,68,50
58df9b,STCBE-2,CAMP_DIW_01,P02,860,33% OFF,183,327,33
f22294,STMYS-1,CAMP_SAN_01,P01,172,33% OFF,345,520,33
6.88E+10,STVJD-0,CAMP_SAN_01,P08,1190,BOGOF,22,88,50
41b8f8,STBLR-0,CAMP_DIW_01,P08,1190,BOGOF,56,220,50
7.34E+11,STCHE-0,CAMP_DIW_01,P06,415,25% OFF,105,92,25
cbe691,STBLR-0,CAMP_DIW_01,P10,65,50% OFF,103,134,50
0f2c3a,STCBE-0,CAMP_SAN_01,P07,300,BOGOF,30,117,50
5ae6d6,STBLR-1,CAMP_SAN_01,P09,90,25% OFF,82,74,25
a9ee19,STBLR-1,CAMP_SAN_01,P08,1190,BOGOF,58,158,50
4ab9ba,STTRV-1,CAMP_SAN_01,P01,172,33% OFF,165,232,33
3164ea,STMDU-2,CAMP_SAN_01,P01,172,33% OFF,265,328,33
7bdc1e,STVSK-4,CAMP_DIW_01,P07,300,BOGOF,50,149,50
565a38,STTRV-0,CAMP_SAN_01,P07,300,BOGOF,30,117,50
ab3517,STTRV-1,CAMP_SAN_01,P04,370,BOGOF,190,733,50
1b295f,STCHE-5,CAMP_DIW_01,P12,62,50% OFF,110,130,50
a55960,STBLR-1,CAMP_DIW_01,P08,1190,BOGOF,50,149,50
5a0c33,STCBE-2,CAMP_DIW_01,P10,65,50% OFF,87,127,50
74d23a,STCHE-0,CAMP_DIW_01,P07,300,BOGOF,75,252,50
d105db,STCBE-4,CAMP_SAN_01,P07,300,BOGOF,43,111,50
1620ea,STMYS-3,CAMP_DIW_01,P06,415,25% OFF,101,89,25
2177f8,STMDU-0,CAMP_DIW_01,P04,290,25% OFF,234,208,25
609bfd,STBLR-1,CAMP_DIW_01,P12,62,50% OFF,129,170,50
0013db,STBLR-1,CAMP_SAN_01,P02,860,33% OFF,435,622,33
6f3e24,STHYD-6,CAMP_DIW_01,P15,3000,500 Cashback,388,1129,16.666
79a95a,STHYD-3,CAMP_SAN_01,P15,3000,500 Cashback,121,200,16.666
8cd1ec,STCHE-1,CAMP_SAN_01,P13,350,BOGOF,124,324,50
e57227,STCHE-6,CAMP_SAN_01,P05,55,25% OFF,25,18,25
79577d,STBLR-9,CAMP_DIW_01,P03,156,25% OFF,348,337,25
dbaf92,STBLR-6,CAMP_SAN_01,P01,172,33% OFF,301,454,33
27bc6e,STCBE-2,CAMP_DIW_01,P14,1020,BOGOF,42,160,50
53bb94,STHYD-2,CAMP_DIW_01,P02,860,33% OFF,402,611,33
2fe1bb,STCHE-1,CAMP_SAN_01,P04,370,BOGOF,460,1168,50
e553f2,STTRV-0,CAMP_DIW_01,P13,350,BOGOF,38,129,50
fc376a,STHYD-0,CAMP_SAN_01,P14,1020,BOGOF,106,422,50
fdd666,STMLR-0,CAMP_DIW_01,P06,415,25% OFF,38,33,25
bbf357,STVSK-4,CAMP_SAN_01,P11,190,50% OFF,40,57,50
d180ef,STBLR-7,CAMP_SAN_01,P01,172,33% OFF,341,531,33
4888d5,STBLR-3,CAMP_DIW_01,P07,300,BOGOF,70,231,50
dead78,STVJD-0,CAMP_DIW_01,P12,62,50% OFF,68,90,50
c198da,STMDU-2,CAMP_SAN_01,P06,415,25% OFF,19,15,25
3cb389,STCHE-6,CAMP_DIW_01,P01,172,33% OFF,309,460,33
667c78,STVSK-4,CAMP_SAN_01,P01,172,33% OFF,223,301,33
02b894,STBLR-2,CAMP_SAN_01,P02,860,33% OFF,477,658,33
1bff17,STCHE-6,CAMP_DIW_01,P05,55,25% OFF,112,85,25
d6ff76,STMDU-2,CAMP_DIW_01,P14,1020,BOGOF,28,96,50
d1e51d,STCBE-4,CAMP_DIW_01,P07,300,BOGOF,42,130,50
8f2a5a,STVSK-2,CAMP_SAN_01,P11,190,50% OFF,25,37,50
87be33,STBLR-6,CAMP_SAN_01,P13,350,BOGOF,120,516,50
a1e541,STHYD-1,CAMP_DIW_01,P01,172,33% OFF,311,385,33
6a1a5a,STVSK-0,CAMP_DIW_01,P15,3000,500 Cashback,250,755,16.666
361cfb,STMLR-0,CAMP_DIW_01,P14,1020,BOGOF,22,69,50
951bda,STBLR-9,CAMP_DIW_01,P07,300,BOGOF,63,213,50
a692dc,STCHE-1,CAMP_SAN_01,P01,172,33% OFF,270,340,33
94953c,STMLR-2,CAMP_SAN_01,P06,415,25% OFF,15,12,25
af100a,STMLR-2,CAMP_SAN_01,P03,200,BOGOF,190,752,50
223d36,STMYS-0,CAMP_DIW_01,P10,65,50% OFF,129,167,50
ff43bf,STHYD-2,CAMP_DIW_01,P11,190,50% OFF,91,116,50
44838e,STVJD-1,CAMP_DIW_01,P06,415,25% OFF,49,40,25
1fa488,STVJD-0,CAMP_DIW_01,P07,300,BOGOF,31,105,50
73211e,STCBE-1,CAMP_DIW_01,P01,172,33% OFF,182,223,33
93a29e,STCHE-4,CAMP_SAN_01,P05,55,25% OFF,28,22,25
ec5570,STVJD-1,CAMP_DIW_01,P10,65,50% OFF,71,95,50
6ee2af,STHYD-3,CAMP_SAN_01,P02,860,33% OFF,595,892,33
f3a7b2,STHYD-6,CAMP_SAN_01,P01,172,33% OFF,306,416,33
2186aa,STCBE-3,CAMP_SAN_01,P05,55,25% OFF,19,15,25
e7bdad,STMLR-1,CAMP_DIW_01,P14,1020,BOGOF,24,80,50
f90ae9,STCBE-0,CAMP_SAN_01,P13,350,BOGOF,82,323,50
348fe6,STBLR-8,CAMP_DIW_01,P01,172,33% OFF,332,471,33
17d5c1,STCBE-0,CAMP_DIW_01,P13,350,BOGOF,52,173,50
8f5618,STBLR-1,CAMP_DIW_01,P04,290,25% OFF,302,289,25
6bfa15,STCBE-2,CAMP_SAN_01,P06,415,25% OFF,16,13,25
aac58d,STBLR-6,CAMP_DIW_01,P08,1190,BOGOF,52,204,50
ed0d01,STBLR-2,CAMP_DIW_01,P12,62,50% OFF,108,145,50
0eb41f,STVSK-2,CAMP_SAN_01,P01,172,33% OFF,232,364,33
9b8658,STHYD-5,CAMP_DIW_01,P11,190,50% OFF,73,97,50
3bc352,STHYD-3,CAMP_DIW_01,P07,300,BOGOF,54,170,50
40f110,STBLR-9,CAMP_DIW_01,P12,62,50% OFF,122,163,50
55fed8,STCBE-3,CAMP_DIW_01,P09,110,50% OFF,40,60,50
c1cdb5,STCHE-0,CAMP_SAN_01,P15,3000,500 Cashback,135,286,16.666
c134bb,STBLR-8,CAMP_SAN_01,P07,300,BOGOF,51,205,50
2361c6,STBLR-0,CAMP_DIW_01,P06,415,25% OFF,94,83,25
b44f0e,STHYD-2,CAMP_SAN_01,P15,3000,500 Cashback,136,288,16.666
607c9d,STCHE-2,CAMP_SAN_01,P02,860,33% OFF,556,711,33
5ea63d,STCBE-3,CAMP_DIW_01,P12,62,50% OFF,82,126,50
323aee,STVSK-0,CAMP_DIW_01,P07,300,BOGOF,36,119,50
114087,STHYD-3,CAMP_SAN_01,P06,415,25% OFF,28,20,25
99482c,STBLR-8,CAMP_SAN_01,P08,1190,BOGOF,42,161,50
5ab1d5,STCHE-6,CAMP_DIW_01,P06,415,25% OFF,98,76,25
97ad03,STCBE-1,CAMP_SAN_01,P02,860,33% OFF,379,462,33
b666fa,STTRV-1,CAMP_DIW_01,P05,55,25% OFF,57,55,25
da3c49,STMLR-2,CAMP_SAN_01,P02,860,33% OFF,270,313,33
3459ec,STCHE-3,CAMP_SAN_01,P02,860,33% OFF,468,636,33
7f81c2,STCHE-2,CAMP_DIW_01,P05,55,25% OFF,91,88,25
b17786,STMLR-0,CAMP_SAN_01,P13,350,BOGOF,63,163,50
2cbc21,STHYD-1,CAMP_SAN_01,P09,90,25% OFF,58,47,25
eacf93,STTRV-1,CAMP_SAN_01,P11,190,50% OFF,24,34,50
0f184e,STVSK-0,CAMP_DIW_01,P05,55,25% OFF,89,80,25
52ec61,STBLR-8,CAMP_DIW_01,P10,65,50% OFF,133,172,50
541bef,STHYD-4,CAMP_SAN_01,P01,172,33% OFF,234,322,33
86a92b,STMLR-2,CAMP_DIW_01,P11,190,50% OFF,42,45,50
861116,STBLR-7,CAMP_DIW_01,P06,415,25% OFF,96,84,25
c6d7c5,STMYS-3,CAMP_DIW_01,P12,62,50% OFF,124,145,50
b58c2d,STMYS-0,CAMP_SAN_01,P02,860,33% OFF,499,703,33
d59c23,STCBE-3,CAMP_DIW_01,P03,156,25% OFF,252,224,25
68a7bc,STBLR-5,CAMP_DIW_01,P04,290,25% OFF,322,276,25
f98db5,STBLR-2,CAMP_SAN_01,P15,3000,500 Cashback,129,279,16.666
ffaba4,STBLR-8,CAMP_SAN_01,P09,90,25% OFF,46,33,25
f725c0,STCBE-3,CAMP_SAN_01,P03,200,BOGOF,228,898,50
f8e037,STHYD-2,CAMP_DIW_01,P08,1190,BOGOF,52,175,50
b526b4,STCHE-7,CAMP_SAN_01,P02,860,33% OFF,525,756,33
0491f4,STVSK-2,CAMP_DIW_01,P11,190,50% OFF,38,58,50
879d99,STHYD-5,CAMP_DIW_01,P09,110,50% OFF,92,124,50
ec3591,STCHE-1,CAMP_SAN_01,P09,90,25% OFF,79,63,25
2db607,STCBE-1,CAMP_DIW_01,P14,1020,BOGOF,40,136,50
b78191,STBLR-3,CAMP_SAN_01,P14,1020,BOGOF,91,361,50
7b1d41,STMYS-2,CAMP_DIW_01,P14,1020,BOGOF,43,125,50
a6e691,STCHE-0,CAMP_SAN_01,P03,200,BOGOF,294,1134,50
f21ef6,STMLR-1,CAMP_SAN_01,P06,415,25% OFF,18,14,25
b999c5,STMYS-2,CAMP_SAN_01,P03,200,BOGOF,406,1015,50
f6aa36,STVSK-3,CAMP_DIW_01,P06,415,25% OFF,63,54,25
d78c78,STCHE-0,CAMP_DIW_01,P14,1020,BOGOF,52,182,50
12573c,STHYD-3,CAMP_SAN_01,P12,62,50% OFF,64,100,50
38ebfb,STCBE-1,CAMP_SAN_01,P10,50,25% OFF,27,20,25
5d23c1,STVSK-4,CAMP_SAN_01,P12,62,50% OFF,40,58,50
449732,STBLR-9,CAMP_DIW_01,P05,55,25% OFF,101,97,25
b83644,STBLR-6,CAMP_DIW_01,P11,190,50% OFF,75,117,50
17537,STMDU-2,CAMP_SAN_01,P08,1190,BOGOF,33,129,50
ab8eb3,STHYD-6,CAMP_DIW_01,P06,415,25% OFF,85,74,25
99ce6a,STVSK-3,CAMP_SAN_01,P03,200,BOGOF,250,687,50
42b041,STBLR-1,CAMP_DIW_01,P01,172,33% OFF,357,514,33
fd5955,STCBE-0,CAMP_DIW_01,P02,860,33% OFF,313,541,33
9.33E+11,STBLR-3,CAMP_SAN_01,P08,1190,BOGOF,40,154,50
268b09,STMLR-1,CAMP_SAN_01,P13,350,BOGOF,49,189,50
dcaeaa,STBLR-7,CAMP_DIW_01,P04,290,25% OFF,276,242,25
d31787,STMYS-2,CAMP_SAN_01,P10,50,25% OFF,25,20,25
f34069,STBLR-9,CAMP_SAN_01,P09,90,25% OFF,61,57,25
4f40ed,STCHE-5,CAMP_SAN_01,P02,860,33% OFF,564,721,33
12bb06,STHYD-1,CAMP_DIW_01,P03,156,25% OFF,351,319,25
5f2c41,STCHE-6,CAMP_DIW_01,P08,1190,BOGOF,54,185,50
e0de60,STHYD-6,CAMP_DIW_01,P03,156,25% OFF,327,294,25
152ae4,STHYD-1,CAMP_SAN_01,P12,62,50% OFF,51,57,50
8e6ee5,STMLR-0,CAMP_DIW_01,P05,55,25% OFF,52,45,25
d0fd0e,STBLR-0,CAMP_SAN_01,P11,190,50% OFF,43,62,50
4fa17c,STCHE-4,CAMP_DIW_01,P01,172,33% OFF,327,503,33
bcf305,STCHE-5,CAMP_DIW_01,P09,110,50% OFF,75,80,50
66050c,STCHE-6,CAMP_SAN_01,P08,1190,BOGOF,60,238,50
407f1c,STBLR-2,CAMP_SAN_01,P13,350,BOGOF,117,469,50
e12c11,STCHE-1,CAMP_SAN_01,P14,1020,BOGOF,112,294,50
46d57b,STBLR-9,CAMP_DIW_01,P13,350,BOGOF,94,329,50
e80ad8,STCHE-7,CAMP_DIW_01,P10,65,50% OFF,136,179,50
f2bdcc,STBLR-4,CAMP_DIW_01,P01,172,33% OFF,337,478,33
8d20b8,STBLR-5,CAMP_DIW_01,P09,110,50% OFF,75,95,50
f88523,STTRV-1,CAMP_SAN_01,P05,55,25% OFF,10,9,25
177b80,STMLR-0,CAMP_SAN_01,P14,1020,BOGOF,37,96,50
317699,STCHE-2,CAMP_SAN_01,P03,200,BOGOF,310,1246,50
ef6d6d,STBLR-2,CAMP_SAN_01,P14,1020,BOGOF,88,346,50
1e51ee,STVSK-3,CAMP_SAN_01,P12,62,50% OFF,43,51,50
c55ec9,STBLR-1,CAMP_SAN_01,P15,3000,500 Cashback,136,220,16.666
6bbadf,STHYD-1,CAMP_DIW_01,P14,1020,BOGOF,43,127,50
edaef4,STHYD-5,CAMP_SAN_01,P03,200,BOGOF,416,1630,50
d3f755,STCBE-1,CAMP_SAN_01,P08,1190,BOGOF,43,171,50
0ba095,STCBE-1,CAMP_DIW_01,P03,156,25% OFF,274,210,25
911349,STHYD-0,CAMP_DIW_01,P15,3000,500 Cashback,397,1214,16.666
6d65d2,STBLR-8,CAMP_SAN_01,P04,370,BOGOF,480,1867,50
4ab3bc,STHYD-2,CAMP_SAN_01,P09,90,25% OFF,66,49,25
c22cf6,STCHE-6,CAMP_SAN_01,P12,62,50% OFF,58,81,50
cc2182,STMDU-1,CAMP_DIW_01,P12,62,50% OFF,85,117,50
bdf2b8,STVJD-1,CAMP_DIW_01,P12,62,50% OFF,56,71,50
db8aa8,STTRV-1,CAMP_SAN_01,P03,200,BOGOF,193,746,50
466d6c,STMYS-1,CAMP_SAN_01,P11,190,50% OFF,31,50,50
6444b7,STCHE-2,CAMP_DIW_01,P06,415,25% OFF,85,81,25
f1cd45,STVJD-1,CAMP_DIW_01,P11,190,50% OFF,50,64,50
23421e,STBLR-2,CAMP_SAN_01,P12,62,50% OFF,54,77,50
3c3c49,STCBE-2,CAMP_SAN_01,P08,1190,BOGOF,40,168,50
680acd,STHYD-3,CAMP_SAN_01,P11,190,50% OFF,46,73,50
fe2fe7,STCHE-4,CAMP_DIW_01,P05,55,25% OFF,127,115,25
e2abd2,STCHE-3,CAMP_DIW_01,P09,110,50% OFF,73,92,50
7c51b1,STCBE-0,CAMP_DIW_01,P09,110,50% OFF,59,89,50
494f1b,STVSK-2,CAMP_SAN_01,P13,350,BOGOF,94,374,50
144c17,STCHE-2,CAMP_DIW_01,P02,860,33% OFF,411,509,33
28acbc,STBLR-2,CAMP_DIW_01,P10,65,50% OFF,105,132,50
00af86,STCBE-0,CAMP_SAN_01,P06,415,25% OFF,15,14,25
6321fa,STCHE-3,CAMP_SAN_01,P10,50,25% OFF,31,26,25
6a7668,STCHE-4,CAMP_SAN_01,P15,3000,500 Cashback,112,321,16.666
c7fefa,STMDU-1,CAMP_SAN_01,P11,190,50% OFF,28,40,50
c5f80e,STCHE-1,CAMP_DIW_01,P14,1020,BOGOF,43,125,50
86755e,STCHE-4,CAMP_SAN_01,P07,300,BOGOF,45,191,50
3.56E+10,STMDU-3,CAMP_SAN_01,P08,1190,BOGOF,36,145,50
a26b45,STBLR-3,CAMP_DIW_01,P01,172,33% OFF,287,413,33
fe7b5d,STHYD-2,CAMP_SAN_01,P03,200,BOGOF,472,1902,50
8d68bc,STHYD-2,CAMP_DIW_01,P03,156,25% OFF,357,289,25
9bc176,STHYD-3,CAMP_SAN_01,P04,370,BOGOF,416,1085,50
17df71,STHYD-0,CAMP_SAN_01,P08,1190,BOGOF,46,179,50
342d35,STCBE-3,CAMP_DIW_01,P08,1190,BOGOF,29,96,50
d8f51c,STMYS-1,CAMP_DIW_01,P15,3000,500 Cashback,449,1499,16.666
cd36b2,STCHE-4,CAMP_DIW_01,P10,65,50% OFF,127,168,50
780aaa,STMYS-1,CAMP_SAN_01,P06,415,25% OFF,19,14,25
decd5e,STMDU-2,CAMP_SAN_01,P10,50,25% OFF,21,17,25
d88318,STCHE-5,CAMP_DIW_01,P08,1190,BOGOF,45,149,50
bf2632,STCHE-1,CAMP_SAN_01,P12,62,50% OFF,57,66,50
902903,STVSK-2,CAMP_DIW_01,P13,350,BOGOF,49,164,50
8481be,STCHE-1,CAMP_DIW_01,P04,290,25% OFF,327,287,25
333ef0,STHYD-0,CAMP_DIW_01,P14,1020,BOGOF,47,163,50
5dd3d3,STVJD-0,CAMP_DIW_01,P09,110,50% OFF,40,54,50
98cc83,STVSK-0,CAMP_DIW_01,P10,65,50% OFF,84,127,50
5a6ad7,STBLR-9,CAMP_DIW_01,P14,1020,BOGOF,45,153,50
b0cc1e,STBLR-9,CAMP_SAN_01,P02,860,33% OFF,610,847,33
21b73e,STTRV-0,CAMP_DIW_01,P05,55,25% OFF,61,59,25
c3c9e3,STVSK-1,CAMP_DIW_01,P15,3000,500 Cashback,301,869,16.666
b76f57,STBLR-8,CAMP_DIW_01,P13,350,BOGOF,66,220,50
95792f,STMDU-2,CAMP_SAN_01,P15,3000,500 Cashback,106,243,16.666
53b2fd,STHYD-6,CAMP_DIW_01,P01,172,33% OFF,320,467,33
6a54d2,STCHE-5,CAMP_SAN_01,P01,172,33% OFF,303,360,33
cb7ddd,STVJD-1,CAMP_DIW_01,P09,110,50% OFF,49,65,50
f57184,STHYD-5,CAMP_SAN_01,P05,55,25% OFF,21,18,25
4f76ac,STMYS-3,CAMP_DIW_01,P04,290,25% OFF,383,344,25
3b086a,STBLR-4,CAMP_SAN_01,P06,415,25% OFF,36,29,25
0cc836,STVSK-0,CAMP_SAN_01,P05,55,25% OFF,18,14,25
aacd2a,STMYS-3,CAMP_SAN_01,P10,50,25% OFF,25,21,25
3968a6,STMYS-3,CAMP_SAN_01,P05,55,25% OFF,19,16,25
fc2170,STCBE-3,CAMP_SAN_01,P08,1190,BOGOF,40,158,50
368ca0,STBLR-4,CAMP_SAN_01,P04,370,BOGOF,432,1736,50
729701,STVSK-2,CAMP_SAN_01,P06,415,25% OFF,22,18,25
6d863b,STCBE-1,CAMP_SAN_01,P07,300,BOGOF,40,155,50
1d651c,STCHE-5,CAMP_SAN_01,P15,3000,500 Cashback,121,273,16.666
a7aa70,STMDU-2,CAMP_SAN_01,P11,190,50% OFF,25,28,50
06c981,STHYD-2,CAMP_DIW_01,P14,1020,BOGOF,42,139,50
626cb9,STMLR-0,CAMP_DIW_01,P09,110,50% OFF,36,48,50
6c1493,STVJD-1,CAMP_SAN_01,P15,3000,500 Cashback,66,144,16.666
c22ead,STBLR-6,CAMP_SAN_01,P11,190,50% OFF,43,66,50
a35a4f,STCHE-6,CAMP_DIW_01,P10,65,50% OFF,122,153,50
4f7c26,STCBE-4,CAMP_DIW_01,P15,3000,500 Cashback,316,818,16.666
c4dae9,STHYD-0,CAMP_DIW_01,P08,1190,BOGOF,52,180,50
f199be,STBLR-6,CAMP_DIW_01,P06,415,25% OFF,87,78,25
c1debe,STCHE-3,CAMP_DIW_01,P15,3000,500 Cashback,381,1303,16.666
d61f6f,STHYD-3,CAMP_SAN_01,P03,200,BOGOF,331,903,50
459bc3,STBLR-8,CAMP_SAN_01,P13,350,BOGOF,97,378,50
ed90b8,STVSK-4,CAMP_SAN_01,P05,55,25% OFF,18,13,25
8fecef,STCHE-1,CAMP_DIW_01,P07,300,BOGOF,75,217,50
dc2bb1,STMYS-3,CAMP_SAN_01,P02,860,33% OFF,400,476,33
13a676,STCBE-4,CAMP_DIW_01,P01,172,33% OFF,203,296,33
42fb76,STHYD-5,CAMP_DIW_01,P10,65,50% OFF,112,151,50
f741af,STHYD-2,CAMP_SAN_01,P01,172,33% OFF,333,456,33
5c6465,STHYD-5,CAMP_SAN_01,P08,1190,BOGOF,36,139,50
2ba228,STCHE-5,CAMP_DIW_01,P02,860,33% OFF,316,388,33
21ac82,STHYD-2,CAMP_SAN_01,P06,415,25% OFF,46,34,25
8e97d1,STBLR-7,CAMP_SAN_01,P09,90,25% OFF,72,58,25
335090,STMYS-0,CAMP_DIW_01,P15,3000,500 Cashback,262,673,16.666
fc8d10,STMLR-0,CAMP_SAN_01,P08,1190,BOGOF,27,70,50
9a425b,STCBE-0,CAMP_DIW_01,P03,156,25% OFF,276,267,25
4f570c,STBLR-7,CAMP_DIW_01,P05,55,25% OFF,122,107,25
d1138a,STTRV-1,CAMP_DIW_01,P12,62,50% OFF,63,84,50
b6dd84,STVJD-1,CAMP_SAN_01,P01,172,33% OFF,166,225,33
151c7d,STMLR-1,CAMP_DIW_01,P06,415,25% OFF,49,42,25
240703,STHYD-5,CAMP_SAN_01,P02,860,33% OFF,471,659,33
8d5095,STCBE-2,CAMP_DIW_01,P15,3000,500 Cashback,234,840,16.666
efd0d2,STMYS-2,CAMP_DIW_01,P15,3000,500 Cashback,486,1273,16.666
8ef678,STMYS-3,CAMP_DIW_01,P01,172,33% OFF,311,398,33
4ca177,STVSK-4,CAMP_SAN_01,P14,1020,BOGOF,75,198,50
fc3f51,STBLR-6,CAMP_SAN_01,P07,300,BOGOF,40,165,50
f3d93f,STHYD-4,CAMP_DIW_01,P09,110,50% OFF,73,95,50
792708,STBLR-5,CAMP_SAN_01,P13,350,BOGOF,115,445,50
4692bf,STMLR-0,CAMP_SAN_01,P04,370,BOGOF,267,731,50
deb3a5,STHYD-2,CAMP_SAN_01,P12,62,50% OFF,52,72,50
a0dc46,STHYD-3,CAMP_DIW_01,P05,55,25% OFF,129,104,25
bb447f,STCBE-3,CAMP_SAN_01,P12,62,50% OFF,36,55,50
fa1dd3,STCHE-3,CAMP_SAN_01,P15,3000,500 Cashback,127,367,16.666
837127,STVJD-0,CAMP_DIW_01,P03,156,25% OFF,208,197,25
6aae63,STMYS-2,CAMP_DIW_01,P13,350,BOGOF,63,189,50
a24528,STVSK-2,CAMP_DIW_01,P05,55,25% OFF,70,62,25
4ff977,STVSK-4,CAMP_DIW_01,P15,3000,500 Cashback,292,750,16.666
3.42E+08,STMDU-3,CAMP_SAN_01,P11,190,50% OFF,34,38,50
f8b215,STBLR-4,CAMP_DIW_01,P14,1020,BOGOF,40,138,50
f6c17f,STBLR-0,CAMP_SAN_01,P09,90,25% OFF,54,45,25
67f756,STHYD-5,CAMP_SAN_01,P13,350,BOGOF,111,441,50
d6cc80,STCHE-4,CAMP_DIW_01,P07,300,BOGOF,61,236,50
9d9a6c,STCBE-1,CAMP_SAN_01,P15,3000,500 Cashback,82,190,16.666
7ae5f8,STCHE-7,CAMP_DIW_01,P11,190,50% OFF,87,114,50
fedf26,STMLR-2,CAMP_SAN_01,P10,50,25% OFF,19,15,25
bfdede,STMYS-2,CAMP_SAN_01,P11,190,50% OFF,61,86,50
e2f806,STMDU-1,CAMP_DIW_01,P14,1020,BOGOF,36,126,50
2706c5,STMYS-2,CAMP_DIW_01,P12,62,50% OFF,77,97,50
79f662,STVSK-1,CAMP_SAN_01,P09,90,25% OFF,40,28,25
3133f3,STCHE-5,CAMP_SAN_01,P09,90,25% OFF,63,53,25
fd4e7e,STCBE-4,CAMP_SAN_01,P03,200,BOGOF,336,913,50
77c6d5,STCHE-1,CAMP_DIW_01,P09,110,50% OFF,59,67,50
0d23fe,STVSK-4,CAMP_DIW_01,P09,110,50% OFF,63,86,50
221da2,STCBE-3,CAMP_SAN_01,P15,3000,500 Cashback,91,211,16.666
b1a501,STBLR-0,CAMP_DIW_01,P11,190,50% OFF,80,108,50
4e42b9,STHYD-4,CAMP_SAN_01,P03,200,BOGOF,376,1447,50
1e5ae7,STCHE-7,CAMP_SAN_01,P09,90,25% OFF,54,51,25
078a6a,STMDU-0,CAMP_SAN_01,P09,90,25% OFF,57,47,25
8dca75,STBLR-5,CAMP_DIW_01,P13,350,BOGOF,71,248,50
4eb35e,STCHE-6,CAMP_SAN_01,P04,370,BOGOF,483,1907,50
73ad85,STHYD-5,CAMP_DIW_01,P05,55,25% OFF,106,102,25
b98ea0,STCHE-3,CAMP_SAN_01,P11,190,50% OFF,48,69,50
4406de,STVSK-1,CAMP_SAN_01,P11,190,50% OFF,28,40,50
e98f37,STBLR-3,CAMP_DIW_01,P08,1190,BOGOF,43,145,50
311946,STBLR-5,CAMP_DIW_01,P05,55,25% OFF,119,107,25
598637,STCHE-7,CAMP_DIW_01,P09,110,50% OFF,71,90,50
a2fd0b,STBLR-6,CAMP_DIW_01,P12,62,50% OFF,112,165,50
53089f,STTRV-0,CAMP_DIW_01,P07,300,BOGOF,26,87,50
82ff02,STMDU-0,CAMP_SAN_01,P10,50,25% OFF,22,18,25
20618e,STCHE-3,CAMP_SAN_01,P04,370,BOGOF,379,1622,50
1b6084,STMLR-1,CAMP_DIW_01,P01,172,33% OFF,141,217,33
4cd59b,STVSK-0,CAMP_SAN_01,P09,90,25% OFF,42,35,25
716a3b,STCHE-5,CAMP_SAN_01,P14,1020,BOGOF,130,514,50
c32fcd,STHYD-3,CAMP_SAN_01,P08,1190,BOGOF,73,192,50
f517b1,STVSK-4,CAMP_SAN_01,P07,300,BOGOF,33,83,50
f2d468,STTRV-0,CAMP_SAN_01,P03,200,BOGOF,190,741,50
371e1a,STBLR-5,CAMP_DIW_01,P01,172,33% OFF,322,483,33
9bd616,STCHE-0,CAMP_DIW_01,P01,172,33% OFF,330,504,33
1c9eaa,STBLR-6,CAMP_DIW_01,P02,860,33% OFF,367,612,33
1b0022,STVSK-0,CAMP_SAN_01,P04,370,BOGOF,370,1457,50
ad2ad4,STMDU-3,CAMP_DIW_01,P04,290,25% OFF,197,175,25
fad26a,STCHE-3,CAMP_DIW_01,P01,172,33% OFF,369,546,33
26a18a,STVSK-3,CAMP_SAN_01,P15,3000,500 Cashback,109,192,16.666
d3d574,STMLR-2,CAMP_SAN_01,P08,1190,BOGOF,16,63,50
0edad5,STTRV-1,CAMP_SAN_01,P13,350,BOGOF,51,205,50
46ee5a,STCBE-3,CAMP_DIW_01,P04,290,25% OFF,246,214,25
9d3d1f,STCHE-6,CAMP_SAN_01,P15,3000,500 Cashback,147,320,16.666
caa1e1,STCHE-5,CAMP_SAN_01,P03,200,BOGOF,432,1736,50
7d9576,STBLR-7,CAMP_SAN_01,P15,3000,500 Cashback,120,345,16.666
59f792,STCHE-4,CAMP_DIW_01,P15,3000,500 Cashback,448,1545,16.666
86206,STHYD-1,CAMP_SAN_01,P14,1020,BOGOF,102,279,50
457639,STCHE-4,CAMP_SAN_01,P08,1190,BOGOF,54,222,50
5f18fc,STVJD-1,CAMP_SAN_01,P10,50,25% OFF,18,13,25
2fe921,STCHE-0,CAMP_SAN_01,P05,55,25% OFF,25,21,25
5760fd,STCBE-1,CAMP_SAN_01,P13,350,BOGOF,87,346,50
715baf,STHYD-3,CAMP_DIW_01,P13,350,BOGOF,82,239,50
d04bc1,STCBE-0,CAMP_SAN_01,P09,90,25% OFF,49,46,25
269cec,STBLR-6,CAMP_SAN_01,P02,860,33% OFF,532,813,33
41dc33,STHYD-1,CAMP_SAN_01,P10,50,25% OFF,36,29,25
420258,STVSK-3,CAMP_SAN_01,P14,1020,BOGOF,54,137,50
005c46,STCBE-2,CAMP_SAN_01,P05,55,25% OFF,18,15,25
642b50,STMYS-1,CAMP_DIW_01,P14,1020,BOGOF,36,145,50
93118f,STVSK-0,CAMP_SAN_01,P03,200,BOGOF,261,1041,50
5e0a8c,STBLR-5,CAMP_SAN_01,P12,62,50% OFF,55,77,50
8ba5a1,STBLR-6,CAMP_DIW_01,P09,110,50% OFF,84,131,50
eb967c,STMYS-1,CAMP_SAN_01,P15,3000,500 Cashback,133,383,16.666
726ac4,STBLR-5,CAMP_SAN_01,P04,370,BOGOF,454,1756,50
f8b6ac,STCHE-4,CAMP_DIW_01,P02,860,33% OFF,400,580,33
a83e09,STMDU-3,CAMP_SAN_01,P07,300,BOGOF,22,88,50
417902,STMDU-0,CAMP_DIW_01,P08,1190,BOGOF,29,116,50
3100ef,STBLR-5,CAMP_SAN_01,P09,90,25% OFF,67,56,25
20da13,STBLR-4,CAMP_SAN_01,P07,300,BOGOF,48,185,50
380a4f,STCHE-1,CAMP_DIW_01,P08,1190,BOGOF,45,137,50
8c13bb,STBLR-5,CAMP_DIW_01,P08,1190,BOGOF,47,159,50
d70dcb,STCBE-4,CAMP_SAN_01,P15,3000,500 Cashback,90,146,16.666
367337,STCHE-6,CAMP_SAN_01,P09,90,25% OFF,81,60,25
ff3c54,STCHE-3,CAMP_SAN_01,P05,55,25% OFF,24,19,25
bae5cb,STVSK-3,CAMP_SAN_01,P11,190,50% OFF,34,39,50
23ef05,STVSK-0,CAMP_DIW_01,P12,62,50% OFF,78,121,50
49057f,STHYD-0,CAMP_SAN_01,P15,3000,500 Cashback,121,274,16.666
f3de30,STMLR-1,CAMP_SAN_01,P12,62,50% OFF,31,45,50
ac0b1c,STMYS-3,CAMP_SAN_01,P14,1020,BOGOF,78,331,50
75c3a0,STBLR-0,CAMP_DIW_01,P13,350,BOGOF,73,282,50
5715c0,STVSK-1,CAMP_SAN_01,P12,62,50% OFF,46,66,50
e5db3d,STCBE-0,CAMP_DIW_01,P08,1190,BOGOF,29,98,50
ef61c6,STHYD-2,CAMP_SAN_01,P07,300,BOGOF,48,188,50
0eb526,STMLR-0,CAMP_DIW_01,P07,300,BOGOF,38,113,50
eb8939,STBLR-9,CAMP_DIW_01,P06,415,25% OFF,91,89,25
316cd1,STMYS-2,CAMP_SAN_01,P07,300,BOGOF,45,122,50
5a94d6,STVSK-0,CAMP_DIW_01,P06,415,25% OFF,64,58,25
ff8f10,STMDU-0,CAMP_SAN_01,P11,190,50% OFF,34,47,50
9ff8d2,STBLR-1,CAMP_DIW_01,P06,415,25% OFF,87,82,25
0c0926,STMDU-3,CAMP_DIW_01,P08,1190,BOGOF,26,91,50
252235,STHYD-4,CAMP_DIW_01,P07,300,BOGOF,64,223,50
41d6bd,STCHE-1,CAMP_SAN_01,P03,200,BOGOF,424,1127,50
73c8f5,STVSK-3,CAMP_DIW_01,P01,172,33% OFF,229,293,33
1f0eaf,STBLR-6,CAMP_SAN_01,P15,3000,500 Cashback,147,385,16.666
bb62b3,STHYD-6,CAMP_SAN_01,P03,200,BOGOF,378,1459,50
6c43b6,STMLR-1,CAMP_DIW_01,P07,300,BOGOF,29,97,50
86ec8d,STMDU-3,CAMP_SAN_01,P04,370,BOGOF,303,1172,50
35463c,STCBE-0,CAMP_DIW_01,P04,290,25% OFF,211,202,25
95f061,STMYS-3,CAMP_SAN_01,P15,3000,500 Cashback,160,443,16.666
693b77,STMLR-0,CAMP_DIW_01,P12,62,50% OFF,70,88,50
4ca50a,STHYD-3,CAMP_DIW_01,P08,1190,BOGOF,50,156,50
01b425,STMYS-3,CAMP_DIW_01,P09,110,50% OFF,68,76,50
d3d442,STBLR-5,CAMP_SAN_01,P15,3000,500 Cashback,166,396,16.666
b17f27,STCBE-0,CAMP_DIW_01,P06,415,25% OFF,59,56,25
be6ab1,STCHE-4,CAMP_SAN_01,P09,90,25% OFF,73,60,25
cf0ccd,STVSK-1,CAMP_DIW_01,P08,1190,BOGOF,35,117,50
d7798b,STMYS-2,CAMP_SAN_01,P02,860,33% OFF,484,677,33
e93b62,STCHE-2,CAMP_SAN_01,P04,370,BOGOF,513,2067,50
65f085,STCHE-4,CAMP_SAN_01,P12,62,50% OFF,60,87,50
39d354,STMYS-0,CAMP_DIW_01,P06,415,25% OFF,57,49,25
90f2d8,STMDU-2,CAMP_DIW_01,P10,65,50% OFF,61,71,50
d04c7f,STBLR-9,CAMP_SAN_01,P07,300,BOGOF,40,159,50
7b51be,STCHE-5,CAMP_SAN_01,P04,370,BOGOF,403,1587,50
68c31e,STBLR-7,CAMP_SAN_01,P08,1190,BOGOF,54,235,50
b6233e,STMLR-2,CAMP_DIW_01,P01,172,33% OFF,175,222,33
4b411a,STVJD-0,CAMP_DIW_01,P15,3000,500 Cashback,218,673,16.666
dd9914,STVSK-1,CAMP_DIW_01,P10,65,50% OFF,98,132,50
874377,STHYD-3,CAMP_DIW_01,P02,860,33% OFF,365,616,33
7.83E+87,STMDU-3,CAMP_DIW_01,P14,1020,BOGOF,31,108,50
6a1564,STMDU-3,CAMP_DIW_01,P15,3000,500 Cashback,334,1022,16.666
ac0b82,STMYS-0,CAMP_DIW_01,P04,290,25% OFF,234,205,25
19d7b5,STMYS-1,CAMP_SAN_01,P03,200,BOGOF,382,1596,50
9d7bd2,STCHE-5,CAMP_DIW_01,P03,156,25% OFF,413,375,25
17edbc,STMYS-1,CAMP_DIW_01,P03,156,25% OFF,281,230,25
38bf1b,STCHE-1,CAMP_SAN_01,P05,55,25% OFF,30,25,25
4cc388,STBLR-7,CAMP_SAN_01,P02,860,33% OFF,526,799,33
c115da,STCHE-2,CAMP_DIW_01,P13,350,BOGOF,84,293,50
1271,STCBE-2,CAMP_SAN_01,P13,350,BOGOF,121,500,50
3bf731,STVSK-3,CAMP_SAN_01,P04,370,BOGOF,265,673,50
07e4ea,STHYD-6,CAMP_SAN_01,P04,370,BOGOF,486,1890,50
a1ef43,STTRV-1,CAMP_SAN_01,P12,62,50% OFF,27,38,50
1cfaa8,STBLR-2,CAMP_SAN_01,P08,1190,BOGOF,43,166,50
2eb400,STBLR-5,CAMP_SAN_01,P07,300,BOGOF,52,207,50
cd3392,STCHE-6,CAMP_SAN_01,P07,300,BOGOF,31,123,50
141d98,STCHE-4,CAMP_SAN_01,P03,200,BOGOF,387,1695,50
e74698,STBLR-5,CAMP_DIW_01,P14,1020,BOGOF,43,144,50
512d92,STCHE-4,CAMP_DIW_01,P09,110,50% OFF,87,115,50
ce3c11,STHYD-4,CAMP_DIW_01,P14,1020,BOGOF,52,176,50
6.20E+94,STMYS-0,CAMP_SAN_01,P08,1190,BOGOF,48,129,50
315542,STVJD-1,CAMP_SAN_01,P03,200,BOGOF,183,710,50
42a404,STCBE-1,CAMP_SAN_01,P12,62,50% OFF,42,48,50
7a2a47,STBLR-7,CAMP_DIW_01,P07,300,BOGOF,64,254,50
ad9ba5,STHYD-5,CAMP_DIW_01,P01,172,33% OFF,337,485,33
3080c6,STVSK-4,CAMP_DIW_01,P14,1020,BOGOF,38,114,50
c11cad,STMYS-2,CAMP_SAN_01,P09,90,25% OFF,61,50,25
8a219d,STBLR-8,CAMP_DIW_01,P08,1190,BOGOF,64,218,50
3ec68b,STBLR-1,CAMP_DIW_01,P09,110,50% OFF,73,95,50
0690d9,STHYD-3,CAMP_DIW_01,P15,3000,500 Cashback,418,1082,16.666
c7f28c,STBLR-0,CAMP_SAN_01,P15,3000,500 Cashback,144,374,16.666
94102d,STBLR-4,CAMP_SAN_01,P12,62,50% OFF,64,92,50
74657,STMLR-0,CAMP_DIW_01,P02,860,33% OFF,194,271,33
f46036,STVSK-4,CAMP_DIW_01,P13,350,BOGOF,61,178,50
c74866,STBLR-5,CAMP_DIW_01,P10,65,50% OFF,115,151,50
ab6327,STHYD-1,CAMP_SAN_01,P04,370,BOGOF,444,1123,50
41cb8f,STBLR-6,CAMP_DIW_01,P03,156,25% OFF,402,353,25
9a13a5,STHYD-4,CAMP_DIW_01,P11,190,50% OFF,82,107,50
cac6b5,STCBE-4,CAMP_SAN_01,P11,190,50% OFF,28,39,50
2c0a90,STMDU-2,CAMP_SAN_01,P12,62,50% OFF,36,42,50
7a9ebd,STTRV-0,CAMP_DIW_01,P11,190,50% OFF,33,42,50
19352c,STBLR-4,CAMP_SAN_01,P02,860,33% OFF,501,701,33
415f7e,STVSK-2,CAMP_SAN_01,P07,300,BOGOF,24,93,50
5c7b20,STCBE-4,CAMP_DIW_01,P05,55,25% OFF,101,89,25
c6693c,STBLR-1,CAMP_SAN_01,P04,370,BOGOF,413,1102,50
0f750a,STBLR-0,CAMP_SAN_01,P02,860,33% OFF,451,613,33
d31554,STMDU-2,CAMP_DIW_01,P05,55,25% OFF,80,70,25
7151bb,STBLR-6,CAMP_DIW_01,P13,350,BOGOF,98,372,50
8f9cc5,STMLR-1,CAMP_DIW_01,P08,1190,BOGOF,29,100,50
d81627,STCBE-2,CAMP_SAN_01,P04,370,BOGOF,355,1508,50
6e5da9,STVJD-0,CAMP_SAN_01,P11,190,50% OFF,25,35,50
6e412f,STBLR-7,CAMP_SAN_01,P06,415,25% OFF,34,28,25
b110d3,STCBE-3,CAMP_SAN_01,P06,415,25% OFF,18,14,25
c2ee4f,STVSK-3,CAMP_SAN_01,P13,350,BOGOF,58,148,50
e45c30,STMDU-1,CAMP_DIW_01,P06,415,25% OFF,70,63,25
353060,STBLR-7,CAMP_SAN_01,P11,190,50% OFF,45,73,50
461ad4,STTRV-1,CAMP_DIW_01,P09,110,50% OFF,42,55,50
cbf0ad,STCHE-6,CAMP_SAN_01,P03,200,BOGOF,358,1410,50
207744,STBLR-0,CAMP_SAN_01,P12,62,50% OFF,52,75,50
ff02ae,STCBE-3,CAMP_DIW_01,P11,190,50% OFF,66,102,50
6cb844,STBLR-3,CAMP_SAN_01,P10,50,25% OFF,28,21,25
2b41a0,STBLR-3,CAMP_SAN_01,P02,860,33% OFF,450,634,33
a50d87,STCBE-3,CAMP_DIW_01,P10,65,50% OFF,82,122,50
18810a,STMYS-1,CAMP_DIW_01,P02,860,33% OFF,395,711,33
608271,STMDU-0,CAMP_SAN_01,P15,3000,500 Cashback,122,342,16.666
edacb9,STCHE-3,CAMP_DIW_01,P10,65,50% OFF,119,154,50
ce95b1,STCHE-2,CAMP_DIW_01,P12,62,50% OFF,119,138,50
6ae240,STBLR-4,CAMP_SAN_01,P13,350,BOGOF,94,371,50
e2f6b2,STCHE-1,CAMP_DIW_01,P15,3000,500 Cashback,316,859,16.666
6b0ee6,STMDU-1,CAMP_DIW_01,P07,300,BOGOF,47,157,50
0aefa5,STVSK-3,CAMP_SAN_01,P06,415,25% OFF,33,27,25
0f3f34,STCHE-1,CAMP_DIW_01,P06,415,25% OFF,99,87,25
ed7b12,STVSK-0,CAMP_SAN_01,P10,50,25% OFF,16,13,25
debbd7,STCBE-0,CAMP_SAN_01,P11,190,50% OFF,45,72,50
2b8abd,STCHE-2,CAMP_SAN_01,P14,1020,BOGOF,105,407,50
0da7fd,STVSK-0,CAMP_SAN_01,P02,860,33% OFF,408,632,33
d58c29,STVSK-2,CAMP_SAN_01,P08,1190,BOGOF,27,107,50
861506,STCHE-6,CAMP_DIW_01,P03,156,25% OFF,334,260,25
fd48ff,STCBE-0,CAMP_SAN_01,P04,370,BOGOF,367,1423,50
7912c8,STVSK-3,CAMP_SAN_01,P05,55,25% OFF,19,15,25
1768c2,STHYD-0,CAMP_DIW_01,P02,860,33% OFF,367,601,33
61089e,STHYD-5,CAMP_SAN_01,P04,370,BOGOF,412,1615,50
e5e244,STBLR-5,CAMP_DIW_01,P02,860,33% OFF,351,526,33
1f8bc3,STCBE-2,CAMP_DIW_01,P01,172,33% OFF,190,313,33
5.00E+300,STVJD-1,CAMP_DIW_01,P14,1020,BOGOF,24,80,50
e8d896,STCHE-1,CAMP_SAN_01,P10,50,25% OFF,40,33,25
2dd3f7,STHYD-4,CAMP_DIW_01,P03,156,25% OFF,341,327,25
b7db9e,STHYD-4,CAMP_DIW_01,P05,55,25% OFF,106,101,25
13d333,STCHE-7,CAMP_SAN_01,P01,172,33% OFF,256,358,33
77435f,STBLR-3,CAMP_SAN_01,P01,172,33% OFF,277,387,33
3181a7,STCBE-1,CAMP_SAN_01,P11,190,50% OFF,28,31,50
3ea719,STBLR-7,CAMP_DIW_01,P02,860,33% OFF,336,577,33
3d8361,STMYS-1,CAMP_DIW_01,P08,1190,BOGOF,47,184,50
0d853d,STHYD-4,CAMP_SAN_01,P02,860,33% OFF,594,819,33
4d9f1a,STCBE-1,CAMP_DIW_01,P09,110,50% OFF,59,69,50
ea384f,STBLR-7,CAMP_SAN_01,P10,50,25% OFF,40,33,25
9fcb92,STMDU-2,CAMP_DIW_01,P15,3000,500 Cashback,315,976,16.666
b97eb0,STBLR-2,CAMP_SAN_01,P11,190,50% OFF,49,68,50
90110c,STHYD-0,CAMP_SAN_01,P04,370,BOGOF,412,1615,50
72eed8,STHYD-4,CAMP_DIW_01,P04,290,25% OFF,376,360,25
d552e3,STMDU-3,CAMP_SAN_01,P12,62,50% OFF,45,53,50
74399f,STMYS-3,CAMP_DIW_01,P13,350,BOGOF,73,282,50
f9b0ef,STVJD-0,CAMP_DIW_01,P05,55,25% OFF,56,54,25
b838cd,STTRV-1,CAMP_DIW_01,P01,172,33% OFF,147,214,33
191614,STMYS-3,CAMP_DIW_01,P10,65,50% OFF,103,109,50
15265d,STCHE-5,CAMP_SAN_01,P12,62,50% OFF,58,65,50
166989,STCBE-1,CAMP_SAN_01,P01,172,33% OFF,169,206,33
18f69b,STMLR-2,CAMP_DIW_01,P10,65,50% OFF,61,68,50
2cc7f0,STMDU-3,CAMP_SAN_01,P02,860,33% OFF,457,548,33
f65a1e,STVSK-4,CAMP_DIW_01,P04,290,25% OFF,255,196,25
bff226,STCBE-1,CAMP_DIW_01,P06,415,25% OFF,57,44,25
d0356d,STCHE-0,CAMP_DIW_01,P08,1190,BOGOF,45,152,50
262ff3,STVSK-0,CAMP_DIW_01,P13,350,BOGOF,47,161,50
0953d7,STVSK-1,CAMP_SAN_01,P02,860,33% OFF,387,530,33
d2a08d,STCHE-5,CAMP_DIW_01,P10,65,50% OFF,141,157,50
d33904,STMYS-3,CAMP_DIW_01,P07,300,BOGOF,59,233,50
13fd74,STMDU-3,CAMP_DIW_01,P05,55,25% OFF,64,58,25
c3ae5a,STBLR-1,CAMP_SAN_01,P11,190,50% OFF,39,55,50
2384f8,STMYS-0,CAMP_DIW_01,P09,110,50% OFF,70,87,50
14f79d,STVSK-1,CAMP_DIW_01,P04,290,25% OFF,252,196,25
89bbca,STCBE-4,CAMP_DIW_01,P13,350,BOGOF,42,128,50
61f82c,STBLR-5,CAMP_DIW_01,P11,190,50% OFF,63,81,50
bcad3c,STMDU-0,CAMP_DIW_01,P01,172,33% OFF,201,305,33
2749b0,STCHE-5,CAMP_SAN_01,P11,190,50% OFF,34,39,50
9ce293,STMDU-1,CAMP_SAN_01,P03,200,BOGOF,255,1009,50
93dff2,STBLR-3,CAMP_DIW_01,P03,156,25% OFF,390,308,25
339bf7,STCHE-5,CAMP_DIW_01,P05,55,25% OFF,127,109,25
5c8834,STBLR-2,CAMP_SAN_01,P05,55,25% OFF,24,19,25
4162d7,STHYD-2,CAMP_DIW_01,P05,55,25% OFF,110,86,25
60170c,STHYD-4,CAMP_DIW_01,P08,1190,BOGOF,63,208,50
4fbcf6,STHYD-1,CAMP_SAN_01,P06,415,25% OFF,27,22,25
1f1b71,STMDU-3,CAMP_SAN_01,P01,172,33% OFF,214,267,33
96a556,STBLR-1,CAMP_DIW_01,P02,860,33% OFF,358,537,33
6846a8,STVSK-0,CAMP_DIW_01,P04,290,25% OFF,201,174,25
0a453f,STMYS-0,CAMP_DIW_01,P03,156,25% OFF,301,264,25
fcee36,STMYS-0,CAMP_SAN_01,P12,62,50% OFF,66,92,50
58ce38,STBLR-3,CAMP_SAN_01,P13,350,BOGOF,118,455,50
4a5884,STHYD-0,CAMP_SAN_01,P12,62,50% OFF,57,90,50
e7769b,STHYD-5,CAMP_DIW_01,P15,3000,500 Cashback,357,1046,16.666
27c86c,STBLR-2,CAMP_DIW_01,P06,415,25% OFF,92,81,25
f35446,STTRV-0,CAMP_DIW_01,P09,110,50% OFF,33,43,50
4a42f9,STBLR-7,CAMP_DIW_01,P08,1190,BOGOF,49,186,50
9413a7,STHYD-3,CAMP_DIW_01,P11,190,50% OFF,80,124,50
b97dfe,STBLR-2,CAMP_DIW_01,P07,300,BOGOF,56,196,50
950a84,STBLR-9,CAMP_SAN_01,P11,190,50% OFF,52,73,50
686a37,STBLR-0,CAMP_SAN_01,P14,1020,BOGOF,85,350,50
f0500d,STCHE-6,CAMP_DIW_01,P09,110,50% OFF,66,82,50
c16abb,STCHE-7,CAMP_SAN_01,P08,1190,BOGOF,42,186,50
581ca5,STMDU-0,CAMP_SAN_01,P13,350,BOGOF,90,371,50
36968d,STMDU-1,CAMP_SAN_01,P02,860,33% OFF,289,404,33
f8a417,STCBE-4,CAMP_SAN_01,P12,62,50% OFF,37,53,50
400cab,STCHE-4,CAMP_SAN_01,P02,860,33% OFF,642,918,33
ef7122,STMLR-1,CAMP_DIW_01,P15,3000,500 Cashback,211,614,16.666
66b476,STBLR-6,CAMP_DIW_01,P10,65,50% OFF,103,160,50
5bbf38,STBLR-0,CAMP_DIW_01,P09,110,50% OFF,78,104,50
e67501,STVSK-4,CAMP_SAN_01,P13,350,BOGOF,85,215,50
3.14E+36,STCBE-4,CAMP_DIW_01,P04,290,25% OFF,252,226,25
98d4e3,STMLR-2,CAMP_SAN_01,P13,350,BOGOF,70,281,50
60229b,STCBE-3,CAMP_DIW_01,P01,172,33% OFF,241,404,33
35a25f,STBLR-9,CAMP_DIW_01,P11,190,50% OFF,75,98,50
4cf56a,STBLR-9,CAMP_DIW_01,P04,290,25% OFF,311,304,25
4d3722,STMLR-0,CAMP_DIW_01,P04,290,25% OFF,175,150,25
5e59a1,STTRV-0,CAMP_SAN_01,P05,55,25% OFF,12,11,25
0f8686,STVSK-0,CAMP_SAN_01,P07,300,BOGOF,24,92,50
c092d4,STBLR-4,CAMP_DIW_01,P07,300,BOGOF,70,243,50
24541f,STBLR-1,CAMP_SAN_01,P13,350,BOGOF,111,290,50
8.31E+08,STCBE-2,CAMP_DIW_01,P08,1190,BOGOF,33,129,50
ebbe5d,STCHE-2,CAMP_SAN_01,P06,415,25% OFF,25,22,25
2ae8b8,STCBE-2,CAMP_SAN_01,P10,50,25% OFF,22,18,25
dafaa4,STVJD-1,CAMP_SAN_01,P05,55,25% OFF,13,9,25
4f757f,STMYS-1,CAMP_SAN_01,P13,350,BOGOF,129,540,50
0894b7,STCHE-3,CAMP_SAN_01,P08,1190,BOGOF,46,203,50
a80b87,STVSK-0,CAMP_DIW_01,P11,190,50% OFF,49,76,50
3f9b4d,STHYD-5,CAMP_SAN_01,P09,90,25% OFF,66,62,25
6ed2f5,STBLR-4,CAMP_DIW_01,P13,350,BOGOF,84,285,50
1.53E+07,STCHE-7,CAMP_SAN_01,P12,62,50% OFF,67,95,50
855f49,STBLR-3,CAMP_SAN_01,P04,370,BOGOF,481,1890,50
4a8c38,STCHE-0,CAMP_SAN_01,P04,370,BOGOF,469,1861,50
1a1a02,STBLR-0,CAMP_SAN_01,P04,370,BOGOF,465,2064,50
1a4a61,STCHE-1,CAMP_SAN_01,P06,415,25% OFF,36,29,25
aeed36,STBLR-6,CAMP_SAN_01,P12,62,50% OFF,54,83,50
e23132,STVJD-0,CAMP_DIW_01,P08,1190,BOGOF,26,86,50
d76198,STCHE-4,CAMP_DIW_01,P08,1190,BOGOF,54,213,50
0ae76a,STMLR-1,CAMP_SAN_01,P11,190,50% OFF,21,30,50
ce39e4,STMLR-1,CAMP_DIW_01,P13,350,BOGOF,42,145,50
8869,STCBE-4,CAMP_SAN_01,P13,350,BOGOF,75,200,50
fcf54a,STCHE-7,CAMP_DIW_01,P04,290,25% OFF,348,334,25
0b9826,STHYD-6,CAMP_DIW_01,P11,190,50% OFF,57,71,50
fbab9b,STMYS-1,CAMP_DIW_01,P01,172,33% OFF,334,591,33
e2c229,STTRV-1,CAMP_SAN_01,P15,3000,500 Cashback,54,125,16.666
2e48c4,STVSK-0,CAMP_DIW_01,P09,110,50% OFF,50,76,50
171bbb,STTRV-0,CAMP_SAN_01,P15,3000,500 Cashback,79,171,16.666
ace471,STMDU-0,CAMP_SAN_01,P04,370,BOGOF,273,1201,50
a26e60,STTRV-1,CAMP_DIW_01,P13,350,BOGOF,36,122,50
cb43c4,STCHE-0,CAMP_SAN_01,P14,1020,BOGOF,106,424,50
ba72b1,STMDU-1,CAMP_SAN_01,P05,55,25% OFF,15,12,25
e89f85,STCBE-1,CAMP_SAN_01,P05,55,25% OFF,25,18,25
c95efb,STBLR-7,CAMP_DIW_01,P15,3000,500 Cashback,416,1389,16.666
dec49d,STMDU-2,CAMP_SAN_01,P05,55,25% OFF,21,17,25
a5800c,STMYS-3,CAMP_SAN_01,P12,62,50% OFF,60,67,50
5d5637,STCHE-0,CAMP_DIW_01,P09,110,50% OFF,94,119,50
f9d2c6,STBLR-9,CAMP_SAN_01,P14,1020,BOGOF,111,429,50
0ee55a,STHYD-5,CAMP_DIW_01,P06,415,25% OFF,82,80,25
1192bc,STCBE-4,CAMP_DIW_01,P11,190,50% OFF,59,79,50
be65d7,STTRV-0,CAMP_DIW_01,P12,62,50% OFF,54,68,50
6bb477,STHYD-1,CAMP_DIW_01,P04,290,25% OFF,318,276,25
a2d32f,STVSK-3,CAMP_SAN_01,P09,90,25% OFF,39,31,25
5f29e7,STMLR-1,CAMP_DIW_01,P12,62,50% OFF,71,90,50
802dfa,STBLR-3,CAMP_SAN_01,P07,300,BOGOF,54,217,50
0b38d9,STMYS-3,CAMP_DIW_01,P08,1190,BOGOF,29,115,50
f013a9,STMYS-2,CAMP_SAN_01,P14,1020,BOGOF,105,276,50
ea916f,STTRV-0,CAMP_SAN_01,P10,50,25% OFF,18,16,25
2.70E+61,STHYD-1,CAMP_DIW_01,P05,55,25% OFF,110,96,25
bd3f78,STHYD-0,CAMP_DIW_01,P11,190,50% OFF,68,104,50
feadc3,STCBE-0,CAMP_SAN_01,P05,55,25% OFF,21,19,25
f41256,STMLR-1,CAMP_SAN_01,P15,3000,500 Cashback,58,128,16.666
f25735,STBLR-3,CAMP_DIW_01,P09,110,50% OFF,66,85,50
5729c0,STMYS-2,CAMP_SAN_01,P04,370,BOGOF,240,636,50
cf4f71,STHYD-0,CAMP_SAN_01,P01,172,33% OFF,250,382,33
60ba75,STVJD-0,CAMP_SAN_01,P13,350,BOGOF,60,234,50
6bce12,STMYS-0,CAMP_SAN_01,P07,300,BOGOF,46,120,50
25902,STMYS-2,CAMP_DIW_01,P11,190,50% OFF,70,93,50
1dd472,STMLR-1,CAMP_SAN_01,P04,370,BOGOF,220,886,50
f94f2f,STTRV-1,CAMP_DIW_01,P08,1190,BOGOF,28,92,50
802b3c,STBLR-1,CAMP_DIW_01,P15,3000,500 Cashback,369,1007,16.666
4aa7ef,STHYD-1,CAMP_DIW_01,P07,300,BOGOF,59,176,50
4e0e90,STVSK-2,CAMP_DIW_01,P12,62,50% OFF,80,124,50
9155d1,STTRV-1,CAMP_DIW_01,P11,190,50% OFF,33,43,50
f1421a,STMDU-2,CAMP_SAN_01,P09,90,25% OFF,49,39,25
fb29d7,STMYS-3,CAMP_SAN_01,P06,415,25% OFF,28,23,25
18c9f4,STBLR-1,CAMP_DIW_01,P03,156,25% OFF,385,369,25
2abe5e,STCHE-6,CAMP_SAN_01,P06,415,25% OFF,40,28,25
4a77da,STMLR-0,CAMP_SAN_01,P02,860,33% OFF,243,332,33
d46611,STMLR-2,CAMP_DIW_01,P05,55,25% OFF,47,40,25
30b66a,STBLR-7,CAMP_DIW_01,P11,190,50% OFF,84,131,50
e0a83a,STBLR-8,CAMP_DIW_01,P07,300,BOGOF,63,221,50
e78335,STMDU-1,CAMP_DIW_01,P03,156,25% OFF,281,244,25
a16acc,STBLR-4,CAMP_SAN_01,P11,190,50% OFF,43,59,50
250dee,STCHE-0,CAMP_SAN_01,P01,172,33% OFF,237,341,33
62769f,STMDU-3,CAMP_SAN_01,P05,55,25% OFF,16,12,25
8d7458,STCBE-1,CAMP_DIW_01,P12,62,50% OFF,98,109,50
6bf19b,STTRV-1,CAMP_DIW_01,P04,290,25% OFF,169,160,25
10a8b7,STMYS-2,CAMP_SAN_01,P12,62,50% OFF,61,87,50
bcffbb,STCBE-0,CAMP_DIW_01,P11,190,50% OFF,36,56,50
bea96f,STVSK-2,CAMP_SAN_01,P14,1020,BOGOF,64,250,50
ebd35e,STBLR-8,CAMP_DIW_01,P04,290,25% OFF,323,251,25
b7f012,STMYS-2,CAMP_SAN_01,P15,3000,500 Cashback,118,208,16.666
b79118,STVSK-3,CAMP_DIW_01,P04,290,25% OFF,236,210,25
657a95,STCHE-4,CAMP_DIW_01,P12,62,50% OFF,126,168,50
f41ca1,STCBE-2,CAMP_DIW_01,P07,300,BOGOF,42,166,50
4d8607,STCHE-0,CAMP_DIW_01,P03,156,25% OFF,323,293,25
ffcda1,STVJD-0,CAMP_DIW_01,P11,190,50% OFF,42,55,50
c6e3ae,STCHE-0,CAMP_SAN_01,P13,350,BOGOF,117,457,50
a9d059,STCHE-7,CAMP_DIW_01,P14,1020,BOGOF,50,202,50
f21f4c,STVSK-3,CAMP_DIW_01,P09,110,50% OFF,50,58,50
de0a50,STCHE-7,CAMP_SAN_01,P05,55,25% OFF,28,26,25
eae38f,STVJD-1,CAMP_SAN_01,P13,350,BOGOF,73,286,50
1c7c7f,STBLR-8,CAMP_DIW_01,P14,1020,BOGOF,52,178,50
7f6f08,STBLR-7,CAMP_SAN_01,P05,55,25% OFF,24,20,25
f63299,STVSK-0,CAMP_DIW_01,P02,860,33% OFF,301,526,33
cfeac1,STHYD-6,CAMP_SAN_01,P14,1020,BOGOF,100,396,50
15b3a7,STMYS-3,CAMP_DIW_01,P05,55,25% OFF,94,84,25
8e6e77,STBLR-0,CAMP_SAN_01,P08,1190,BOGOF,37,156,50
fc2f67,STBLR-5,CAMP_SAN_01,P06,415,25% OFF,34,27,25
ac6273,STHYD-2,CAMP_DIW_01,P01,172,33% OFF,281,435,33
e5804e,STHYD-0,CAMP_DIW_01,P01,172,33% OFF,316,521,33
32b8a7,STBLR-2,CAMP_DIW_01,P03,156,25% OFF,378,343,25
3f2255,STBLR-3,CAMP_DIW_01,P02,860,33% OFF,381,563,33
75f9b8,STCHE-4,CAMP_SAN_01,P06,415,25% OFF,27,22,25
df380c,STBLR-5,CAMP_SAN_01,P05,55,25% OFF,25,21,25
3a1cad,STMDU-3,CAMP_DIW_01,P12,62,50% OFF,87,93,50
d730ac,STCHE-0,CAMP_SAN_01,P06,415,25% OFF,31,26,25
8aa62d,STCHE-2,CAMP_SAN_01,P12,62,50% OFF,67,74,50
fd788c,STVSK-1,CAMP_DIW_01,P11,190,50% OFF,43,58,50
fb9e95,STBLR-5,CAMP_DIW_01,P12,62,50% OFF,141,179,50
cefb49,STMYS-3,CAMP_DIW_01,P02,860,33% OFF,322,386,33
f0365e,STCHE-2,CAMP_DIW_01,P09,110,50% OFF,85,90,50
1809f2,STVSK-4,CAMP_SAN_01,P06,415,25% OFF,22,15,25
2e3594,STMDU-0,CAMP_DIW_01,P13,350,BOGOF,61,237,50
e0ef00,STBLR-9,CAMP_SAN_01,P03,200,BOGOF,309,1226,50
46917a,STVSK-3,CAMP_DIW_01,P12,62,50% OFF,105,115,50
63a2d2,STCHE-3,CAMP_DIW_01,P08,1190,BOGOF,47,186,50
6ae178,STCHE-7,CAMP_SAN_01,P10,50,25% OFF,30,28,25
367e8d,STCBE-2,CAMP_SAN_01,P07,300,BOGOF,30,123,50
0a3c5c,STMDU-1,CAMP_DIW_01,P13,350,BOGOF,47,163,50
d1bfe5,STMDU-2,CAMP_DIW_01,P02,860,33% OFF,301,385,33
9faad8,STHYD-0,CAMP_SAN_01,P09,90,25% OFF,54,44,25
5947fb,STBLR-9,CAMP_SAN_01,P15,3000,500 Cashback,118,251,16.666
e7f270,STVSK-0,CAMP_SAN_01,P01,172,33% OFF,211,322,33
06749d,STMDU-2,CAMP_DIW_01,P09,110,50% OFF,47,54,50
eb4f04,STMLR-0,CAMP_SAN_01,P15,3000,500 Cashback,54,89,16.666
ff9fa7,STBLR-9,CAMP_SAN_01,P06,415,25% OFF,43,40,25
669d35,STCHE-1,CAMP_DIW_01,P12,62,50% OFF,108,124,50
546cc3,STHYD-3,CAMP_SAN_01,P01,172,33% OFF,312,483,33
e7bb4f,STMDU-2,CAMP_DIW_01,P13,350,BOGOF,45,148,50
c4006c,STCBE-3,CAMP_DIW_01,P15,3000,500 Cashback,243,724,16.666
8e1636,STBLR-4,CAMP_SAN_01,P15,3000,500 Cashback,109,249,16.666
284539,STCHE-3,CAMP_SAN_01,P03,200,BOGOF,384,1678,50
84aa9b,STCHE-0,CAMP_SAN_01,P02,860,33% OFF,424,580,33
fe1a8b,STBLR-8,CAMP_SAN_01,P15,3000,500 Cashback,126,278,16.666
440bd9,STBLR-0,CAMP_SAN_01,P13,350,BOGOF,129,528,50
63ef11,STCBE-4,CAMP_SAN_01,P09,90,25% OFF,46,38,25
0312a8,STCHE-7,CAMP_DIW_01,P15,3000,500 Cashback,393,1375,16.666
4b8e08,STHYD-1,CAMP_SAN_01,P11,190,50% OFF,37,41,50
b94bda,STMYS-0,CAMP_DIW_01,P13,350,BOGOF,56,168,50
0c0339,STHYD-2,CAMP_DIW_01,P07,300,BOGOF,64,211,50
c5176d,STCBE-2,CAMP_SAN_01,P01,172,33% OFF,196,307,33
b5b0f5,STCBE-0,CAMP_SAN_01,P02,860,33% OFF,399,586,33
66f526,STVJD-0,CAMP_SAN_01,P10,50,25% OFF,18,16,25
3153d6,STCBE-4,CAMP_SAN_01,P02,860,33% OFF,396,558,33
a3caaa,STCHE-0,CAMP_DIW_01,P10,65,50% OFF,126,167,50
2c7cc7,STBLR-1,CAMP_SAN_01,P10,50,25% OFF,28,24,25
bed694,STTRV-1,CAMP_SAN_01,P10,50,25% OFF,15,14,25
817b4f,STCHE-5,CAMP_DIW_01,P11,190,50% OFF,78,92,50
d0daaa,STMDU-1,CAMP_SAN_01,P14,1020,BOGOF,63,244,50
bb974d,STBLR-2,CAMP_SAN_01,P03,200,BOGOF,307,1200,50
e025ee,STVSK-1,CAMP_SAN_01,P07,300,BOGOF,27,107,50
0f5588,STMYS-3,CAMP_DIW_01,P03,156,25% OFF,378,332,25
2e0950,STBLR-0,CAMP_DIW_01,P05,55,25% OFF,133,114,25
62e500,STCHE-7,CAMP_DIW_01,P01,172,33% OFF,346,505,33
37cb7c,STCHE-0,CAMP_DIW_01,P13,350,BOGOF,61,203,50
543c36,STHYD-4,CAMP_SAN_01,P07,300,BOGOF,58,225,50
d41d53,STCHE-5,CAMP_DIW_01,P01,172,33% OFF,334,424,33
5f65df,STCHE-2,CAMP_SAN_01,P13,350,BOGOF,105,423,50
9acfa3,STCHE-0,CAMP_DIW_01,P12,62,50% OFF,115,154,50
f94d7b,STMDU-2,CAMP_SAN_01,P13,350,BOGOF,96,377,50
75f30e,STCHE-2,CAMP_SAN_01,P15,3000,500 Cashback,117,251,16.666
b6b840,STCBE-1,CAMP_DIW_01,P02,860,33% OFF,244,312,33
7b49ce,STVJD-1,CAMP_DIW_01,P15,3000,500 Cashback,224,685,16.666
a107c4,STVJD-0,CAMP_SAN_01,P05,55,25% OFF,16,14,25
4858ab,STBLR-7,CAMP_SAN_01,P14,1020,BOGOF,124,514,50
00a7c3,STTRV-1,CAMP_SAN_01,P02,860,33% OFF,231,314,33
fe68f2,STBLR-2,CAMP_SAN_01,P01,172,33% OFF,304,428,33
c8e17c,STMLR-1,CAMP_DIW_01,P02,860,33% OFF,166,252,33
8376c6,STHYD-5,CAMP_SAN_01,P01,172,33% OFF,336,467,33
bf49bf,STCHE-4,CAMP_SAN_01,P14,1020,BOGOF,111,473,50
aa54a7,STHYD-1,CAMP_DIW_01,P13,350,BOGOF,91,281,50
4aa530,STMYS-0,CAMP_DIW_01,P02,860,33% OFF,465,674,33
5a4d9d,STCHE-1,CAMP_SAN_01,P02,860,33% OFF,468,599,33
ce68be,STCHE-3,CAMP_SAN_01,P01,172,33% OFF,310,421,33
9acae6,STMYS-0,CAMP_DIW_01,P05,55,25% OFF,73,65,25
2ba1ba,STCHE-7,CAMP_SAN_01,P13,350,BOGOF,106,454,50
6909d3,STBLR-2,CAMP_DIW_01,P02,860,33% OFF,390,585,33
d5769b,STCBE-2,CAMP_SAN_01,P09,90,25% OFF,42,34,25
c0d022,STBLR-6,CAMP_SAN_01,P06,415,25% OFF,33,28,25
5.80E+27,STMYS-2,CAMP_DIW_01,P07,300,BOGOF,73,215,50
ebbbb9,STVSK-1,CAMP_SAN_01,P05,55,25% OFF,19,14,25
14ff29,STBLR-3,CAMP_SAN_01,P11,190,50% OFF,43,62,50
f39a0c,STHYD-3,CAMP_SAN_01,P09,90,25% OFF,49,37,25
5bc324,STTRV-1,CAMP_DIW_01,P14,1020,BOGOF,19,66,50
87564a,STCHE-6,CAMP_DIW_01,P04,290,25% OFF,346,269,25
6ba4b5,STMDU-0,CAMP_SAN_01,P05,55,25% OFF,15,12,25
7cf9ef,STMDU-3,CAMP_DIW_01,P11,190,50% OFF,66,71,50
91649,STMDU-1,CAMP_SAN_01,P13,350,BOGOF,73,287,50
bfc9da,STBLR-9,CAMP_SAN_01,P04,370,BOGOF,387,1509,50
788131,STBLR-3,CAMP_DIW_01,P10,65,50% OFF,108,145,50
9ebcf9,STVSK-4,CAMP_DIW_01,P10,65,50% OFF,80,109,50
b60e6a,STBLR-6,CAMP_SAN_01,P09,90,25% OFF,63,51,25
c3b511,STCBE-3,CAMP_SAN_01,P14,1020,BOGOF,75,297,50
de6e7e,STVSK-1,CAMP_SAN_01,P15,3000,500 Cashback,88,186,16.666
8f80ed,STVSK-3,CAMP_DIW_01,P11,190,50% OFF,52,57,50
a298bc,STVJD-1,CAMP_DIW_01,P07,300,BOGOF,33,109,50
003c65,STBLR-9,CAMP_SAN_01,P13,350,BOGOF,114,457,50
5f313a,STCHE-2,CAMP_DIW_01,P10,65,50% OFF,124,135,50
4f1bb6,STMYS-0,CAMP_SAN_01,P11,190,50% OFF,46,63,50
cd4c5a,STMLR-0,CAMP_SAN_01,P09,90,25% OFF,34,28,25
6.59E+23,STVJD-0,CAMP_SAN_01,P01,172,33% OFF,186,252,33
5abaf9,STCHE-3,CAMP_SAN_01,P07,300,BOGOF,37,155,50
bb83e5,STMDU-2,CAMP_DIW_01,P08,1190,BOGOF,40,133,50
531a22,STBLR-3,CAMP_DIW_01,P11,190,50% OFF,71,90,50
fe1c63,STMYS-3,CAMP_DIW_01,P11,190,50% OFF,71,76,50
6046fa,STBLR-4,CAMP_DIW_01,P12,62,50% OFF,141,180,50
ef95a9,STBLR-3,CAMP_DIW_01,P13,350,BOGOF,87,298,50
16fb87,STBLR-2,CAMP_SAN_01,P10,50,25% OFF,37,31,25
be3489,STHYD-3,CAMP_DIW_01,P14,1020,BOGOF,38,119,50
c4a484,STMYS-2,CAMP_DIW_01,P01,172,33% OFF,295,454,33
fb70b4,STCHE-2,CAMP_DIW_01,P03,156,25% OFF,355,347,25
1bfbb8,STCHE-7,CAMP_DIW_01,P12,62,50% OFF,171,222,50
a6276f,STCHE-4,CAMP_DIW_01,P14,1020,BOGOF,56,224,50
f95092,STVSK-1,CAMP_SAN_01,P13,350,BOGOF,124,500,50
da99ec,STCHE-5,CAMP_DIW_01,P14,1020,BOGOF,54,184,50
9c2c14,STVSK-0,CAMP_DIW_01,P14,1020,BOGOF,29,97,50
11971a,STHYD-2,CAMP_SAN_01,P11,190,50% OFF,45,62,50
3426bd,STCBE-0,CAMP_DIW_01,P10,65,50% OFF,80,124,50
46021e,STCHE-1,CAMP_SAN_01,P07,300,BOGOF,31,79,50
29687a,STVJD-0,CAMP_SAN_01,P02,860,33% OFF,298,420,33
655aa2,STHYD-0,CAMP_DIW_01,P10,65,50% OFF,112,170,50
49e9ea,STHYD-2,CAMP_SAN_01,P04,370,BOGOF,415,1672,50
0beb9b,STVSK-2,CAMP_SAN_01,P12,62,50% OFF,28,43,50
29411f,STBLR-6,CAMP_SAN_01,P08,1190,BOGOF,69,303,50
8ff2bb,STBLR-2,CAMP_SAN_01,P06,415,25% OFF,40,33,25
918a17,STVSK-1,CAMP_DIW_01,P14,1020,BOGOF,26,91,50
1e5c85,STBLR-7,CAMP_DIW_01,P01,172,33% OFF,341,606,33
7d89b1,STVSK-3,CAMP_DIW_01,P08,1190,BOGOF,45,138,50
5db3e3,STBLR-2,CAMP_DIW_01,P13,350,BOGOF,78,274,50
35637b,STVSK-4,CAMP_DIW_01,P03,156,25% OFF,301,237,25
e788e5,STMYS-0,CAMP_SAN_01,P10,50,25% OFF,30,24,25
5c2d1f,STCBE-2,CAMP_SAN_01,P03,200,BOGOF,304,1340,50
e96e9d,STHYD-1,CAMP_DIW_01,P15,3000,500 Cashback,362,959,16.666
6a7fa1,STVJD-1,CAMP_SAN_01,P14,1020,BOGOF,61,243,50
1274dc,STCBE-4,CAMP_DIW_01,P09,110,50% OFF,54,68,50
fc7056,STBLR-2,CAMP_DIW_01,P08,1190,BOGOF,40,135,50
69a46e,STCHE-2,CAMP_DIW_01,P01,172,33% OFF,320,416,33
a05e82,STMYS-3,CAMP_SAN_01,P13,350,BOGOF,124,527,50
da1969,STVSK-1,CAMP_SAN_01,P03,200,BOGOF,322,1291,50
2fc575,STBLR-0,CAMP_DIW_01,P12,62,50% OFF,147,198,50
4ced30,STCHE-3,CAMP_SAN_01,P09,90,25% OFF,60,49,25
a37110,STHYD-0,CAMP_DIW_01,P04,290,25% OFF,367,330,25
8829ef,STCBE-0,CAMP_SAN_01,P12,62,50% OFF,39,61,50
aa6972,STMDU-0,CAMP_DIW_01,P12,62,50% OFF,103,131,50
dd8425,STCHE-0,CAMP_SAN_01,P11,190,50% OFF,49,71,50
f8a2a6,STMDU-1,CAMP_SAN_01,P09,90,25% OFF,45,36,25
c1c42d,STMLR-1,CAMP_SAN_01,P09,90,25% OFF,28,22,25
6eede8,STTRV-0,CAMP_SAN_01,P11,190,50% OFF,22,30,50
092c09,STHYD-5,CAMP_DIW_01,P08,1190,BOGOF,43,147,50
3f34d5,STCBE-2,CAMP_DIW_01,P09,110,50% OFF,50,80,50
2b50e0,STBLR-6,CAMP_DIW_01,P15,3000,500 Cashback,390,1318,16.666
92151c,STMDU-3,CAMP_SAN_01,P10,50,25% OFF,25,20,25
4ad12b,STBLR-4,CAMP_DIW_01,P15,3000,500 Cashback,407,1245,16.666
1824c2,STHYD-6,CAMP_SAN_01,P12,62,50% OFF,67,93,50
9b309b,STMYS-0,CAMP_SAN_01,P09,90,25% OFF,67,56,25
0dfaac,STCHE-6,CAMP_DIW_01,P02,860,33% OFF,434,629,33
652101,STBLR-1,CAMP_DIW_01,P07,300,BOGOF,61,189,50
6ec0eb,STCHE-2,CAMP_DIW_01,P15,3000,500 Cashback,369,1073,16.666
07ee94,STCHE-4,CAMP_DIW_01,P03,156,25% OFF,369,332,25
4a34a6,STVSK-4,CAMP_SAN_01,P09,90,25% OFF,34,25,25
8ea7e8,STVJD-1,CAMP_SAN_01,P09,90,25% OFF,37,26,25
6ee8ab,STVSK-0,CAMP_SAN_01,P06,415,25% OFF,16,13,25
0d70f7,STVSK-2,CAMP_DIW_01,P01,172,33% OFF,210,367,33
deea3e,STMLR-1,CAMP_SAN_01,P14,1020,BOGOF,51,198,50
699bac,STCHE-7,CAMP_SAN_01,P07,300,BOGOF,42,183,50
cc4a67,STTRV-0,CAMP_DIW_01,P03,156,25% OFF,187,181,25
b456c0,STBLR-3,CAMP_DIW_01,P06,415,25% OFF,91,72,25
d2dc77,STMLR-0,CAMP_DIW_01,P13,350,BOGOF,40,119,50
f78e86,STCHE-3,CAMP_DIW_01,P06,415,25% OFF,77,67,25
9d1009,STHYD-0,CAMP_DIW_01,P06,415,25% OFF,78,68,25
0179b3,STMLR-2,CAMP_SAN_01,P05,55,25% OFF,15,12,25
933cae,STCHE-3,CAMP_SAN_01,P06,415,25% OFF,28,23,25
7704c2,STBLR-7,CAMP_SAN_01,P04,370,BOGOF,382,1638,50
b55027,STCHE-6,CAMP_SAN_01,P10,50,25% OFF,31,22,25
0842b9,STCBE-1,CAMP_DIW_01,P04,290,25% OFF,227,172,25
1142fd,STVSK-3,CAMP_DIW_01,P05,55,25% OFF,71,63,25
35e1c7,STBLR-1,CAMP_DIW_01,P14,1020,BOGOF,54,169,50
80255e,STMDU-0,CAMP_DIW_01,P05,55,25% OFF,57,50,25
37cb87,STBLR-1,CAMP_SAN_01,P07,300,BOGOF,46,115,50
fd5855,STVSK-4,CAMP_SAN_01,P08,1190,BOGOF,25,64,50
0f714a,STVJD-1,CAMP_SAN_01,P06,415,25% OFF,16,11,25
4ab3c2,STVSK-1,CAMP_DIW_01,P09,110,50% OFF,64,81,50
57d06d,STCBE-1,CAMP_SAN_01,P09,90,25% OFF,54,39,25
ad783e,STCHE-4,CAMP_SAN_01,P10,50,25% OFF,30,25,25
cf616b,STMYS-2,CAMP_DIW_01,P09,110,50% OFF,64,84,50
e5e0dc,STHYD-0,CAMP_SAN_01,P07,300,BOGOF,52,204,50
30bacd,STBLR-3,CAMP_DIW_01,P14,1020,BOGOF,42,143,50
68e849,STMLR-2,CAMP_DIW_01,P06,415,25% OFF,40,34,25
c3b647,STCHE-5,CAMP_SAN_01,P08,1190,BOGOF,64,256,50
5dfa52,STVSK-2,CAMP_DIW_01,P04,290,25% OFF,244,217,25
9d63a7,STHYD-6,CAMP_SAN_01,P08,1190,BOGOF,43,166,50
9fae1c,STHYD-2,CAMP_DIW_01,P15,3000,500 Cashback,400,1176,16.666
ae288b,STMYS-0,CAMP_DIW_01,P11,190,50% OFF,89,113,50
f940cf,STHYD-6,CAMP_DIW_01,P13,350,BOGOF,77,260,50
7cf0d8,STMDU-0,CAMP_SAN_01,P14,1020,BOGOF,79,349,50
a7c40d,STMLR-1,CAMP_DIW_01,P09,110,50% OFF,38,50,50
d4ccb5,STCBE-1,CAMP_DIW_01,P05,55,25% OFF,61,50,25
9953ec,STTRV-0,CAMP_SAN_01,P04,370,BOGOF,187,733,50
fc9ab7,STCBE-1,CAMP_DIW_01,P08,1190,BOGOF,40,140,50
f32df2,STHYD-6,CAMP_DIW_01,P04,290,25% OFF,390,339,25
cf6323,STTRV-0,CAMP_DIW_01,P15,3000,500 Cashback,190,547,16.666
5372de,STCBE-3,CAMP_SAN_01,P10,50,25% OFF,28,22,25
24054f,STBLR-4,CAMP_DIW_01,P09,110,50% OFF,89,116,50
4f75fe,STMYS-2,CAMP_DIW_01,P08,1190,BOGOF,42,123,50
21a8a0,STBLR-4,CAMP_SAN_01,P01,172,33% OFF,286,394,33
800f42,STMDU-3,CAMP_SAN_01,P03,200,BOGOF,273,1097,50
cdb883,STMDU-0,CAMP_SAN_01,P12,62,50% OFF,46,66,50
9c2777,STCHE-6,CAMP_SAN_01,P02,860,33% OFF,463,629,33
a6cb9e,STVSK-2,CAMP_SAN_01,P05,55,25% OFF,15,12,25
f23d14,STHYD-1,CAMP_SAN_01,P05,55,25% OFF,25,21,25
ee68d9,STCHE-1,CAMP_SAN_01,P15,3000,500 Cashback,136,242,16.666
5e1671,STCHE-2,CAMP_SAN_01,P10,50,25% OFF,34,30,25
e411c6,STHYD-4,CAMP_DIW_01,P15,3000,500 Cashback,323,965,16.666
9ff4a9,STMDU-1,CAMP_DIW_01,P10,65,50% OFF,94,120,50
49706e,STMDU-3,CAMP_SAN_01,P15,3000,500 Cashback,120,274,16.666
7e28fb,STHYD-4,CAMP_DIW_01,P06,415,25% OFF,96,92,25
e4f1f3,STCBE-3,CAMP_SAN_01,P11,190,50% OFF,33,50,50
af2b25,STBLR-7,CAMP_DIW_01,P13,350,BOGOF,85,338,50
fe4bf5,STCHE-4,CAMP_DIW_01,P06,415,25% OFF,91,80,25
d91475,STMYS-0,CAMP_DIW_01,P07,300,BOGOF,61,189,50
09d857,STHYD-5,CAMP_DIW_01,P02,860,33% OFF,386,594,33
aa96fc,STCHE-4,CAMP_SAN_01,P04,370,BOGOF,379,1603,50
2c893f,STCHE-3,CAMP_DIW_01,P12,62,50% OFF,103,129,50
bac74e,STBLR-9,CAMP_SAN_01,P01,172,33% OFF,319,449,33
31c430,STHYD-1,CAMP_SAN_01,P01,172,33% OFF,312,393,33
432f1d,STBLR-4,CAMP_SAN_01,P05,55,25% OFF,19,15,25
6edb42,STBLR-8,CAMP_SAN_01,P10,50,25% OFF,36,26,25
115760,STMDU-2,CAMP_DIW_01,P07,300,BOGOF,43,147,50
acf9c2,STCHE-4,CAMP_SAN_01,P01,172,33% OFF,235,329,33
0c9f61,STBLR-7,CAMP_SAN_01,P03,200,BOGOF,433,1883,50
40baa1,STCBE-0,CAMP_SAN_01,P08,1190,BOGOF,42,167,50
ba7fb5,STCHE-0,CAMP_DIW_01,P05,55,25% OFF,119,107,25
555fcd,STVSK-3,CAMP_DIW_01,P13,350,BOGOF,57,178,50
c649ca,STMYS-1,CAMP_SAN_01,P02,860,33% OFF,595,886,33
578a67,STBLR-2,CAMP_DIW_01,P11,190,50% OFF,101,131,50
35701b,STVJD-0,CAMP_DIW_01,P04,290,25% OFF,192,188,25
77c2be,STBLR-8,CAMP_DIW_01,P06,415,25% OFF,78,62,25
8cd89f,STHYD-0,CAMP_SAN_01,P03,200,BOGOF,363,1408,50
21006,STVSK-2,CAMP_SAN_01,P03,200,BOGOF,192,754,50
1c3fb4,STMLR-1,CAMP_SAN_01,P02,860,33% OFF,237,327,33
0e96b4,STCBE-4,CAMP_SAN_01,P14,1020,BOGOF,93,234,50
3ea7d6,STMYS-0,CAMP_SAN_01,P15,3000,500 Cashback,105,173,16.666
fb508c,STBLR-9,CAMP_DIW_01,P15,3000,500 Cashback,358,1070,16.666
d671d3,STVSK-1,CAMP_DIW_01,P12,62,50% OFF,91,113,50
365da3,STCBE-1,CAMP_SAN_01,P06,415,25% OFF,21,15,25
33da9a,STHYD-5,CAMP_DIW_01,P14,1020,BOGOF,54,183,50
e391bc,STHYD-0,CAMP_DIW_01,P09,110,50% OFF,77,113,50
cd4812,STMDU-3,CAMP_DIW_01,P07,300,BOGOF,47,162,50
c4123e,STCHE-7,CAMP_DIW_01,P02,860,33% OFF,336,507,33
933f7e,STCHE-7,CAMP_DIW_01,P07,300,BOGOF,71,282,50
7c8fd1,STMYS-3,CAMP_DIW_01,P15,3000,500 Cashback,416,1472,16.666
4cd232,STVJD-0,CAMP_DIW_01,P14,1020,BOGOF,28,92,50
65a802,STMLR-1,CAMP_SAN_01,P05,55,25% OFF,13,10,25
ffdcb8,STHYD-6,CAMP_SAN_01,P02,860,33% OFF,454,644,33
496b80,STHYD-4,CAMP_SAN_01,P15,3000,500 Cashback,118,253,16.666
4001c4,STBLR-6,CAMP_SAN_01,P04,370,BOGOF,402,1652,50
84dbe3,STHYD-1,CAMP_SAN_01,P07,300,BOGOF,51,140,50
45c35a,STHYD-5,CAMP_SAN_01,P11,190,50% OFF,54,76,50
6d343d,STHYD-6,CAMP_DIW_01,P12,62,50% OFF,133,167,50
a672df,STMDU-1,CAMP_SAN_01,P12,62,50% OFF,36,49,50
ba0b3e,STBLR-7,CAMP_SAN_01,P07,300,BOGOF,40,165,50
5.23E+42,STCHE-5,CAMP_DIW_01,P15,3000,500 Cashback,388,1187,16.666
faeeb8,STHYD-2,CAMP_DIW_01,P09,110,50% OFF,80,107,50
3adeb2,STMYS-0,CAMP_SAN_01,P14,1020,BOGOF,84,219,50
a40872,STBLR-7,CAMP_DIW_01,P14,1020,BOGOF,47,189,50
35e3ec,STMDU-1,CAMP_SAN_01,P07,300,BOGOF,40,154,50
8a7e7e,STMYS-0,CAMP_SAN_01,P03,200,BOGOF,333,869,50
b4867e,STCHE-6,CAMP_SAN_01,P11,190,50% OFF,57,79,50
cea0e2,STCHE-2,CAMP_DIW_01,P11,190,50% OFF,73,84,50
a6a18f,STHYD-6,CAMP_SAN_01,P06,415,25% OFF,34,27,25
1fcfc6,STVSK-0,CAMP_SAN_01,P11,190,50% OFF,31,46,50
5dda21,STCBE-0,CAMP_SAN_01,P14,1020,BOGOF,69,274,50
b5cd07,STVSK-3,CAMP_SAN_01,P01,172,33% OFF,222,275,33
1a1edd,STBLR-7,CAMP_DIW_01,P03,156,25% OFF,343,301,25
f682ec,STBLR-0,CAMP_SAN_01,P01,172,33% OFF,273,382,33
693708,STBLR-3,CAMP_SAN_01,P03,200,BOGOF,454,1788,50
349c73,STCHE-2,CAMP_DIW_01,P14,1020,BOGOF,57,189,50
50802a,STCHE-3,CAMP_DIW_01,P07,300,BOGOF,64,257,50
e4b7e4,STHYD-6,CAMP_DIW_01,P09,110,50% OFF,78,102,50
5bfb5e,STCBE-4,CAMP_DIW_01,P10,65,50% OFF,57,72,50
6af3e0,STBLR-6,CAMP_SAN_01,P14,1020,BOGOF,103,444,50
6b74c8,STBLR-5,CAMP_DIW_01,P15,3000,500 Cashback,379,1095,16.666
ec9948,STCBE-2,CAMP_DIW_01,P05,55,25% OFF,99,86,25
c24879,STCBE-1,CAMP_SAN_01,P04,370,BOGOF,370,1439,50
3c0536,STBLR-4,CAMP_SAN_01,P03,200,BOGOF,415,1622,50
19bc3b,STMDU-1,CAMP_DIW_01,P09,110,50% OFF,47,62,50
691b63,STCHE-6,CAMP_DIW_01,P15,3000,500 Cashback,432,1291,16.666
3ace0f,STVSK-2,CAMP_DIW_01,P09,110,50% OFF,64,98,50
8cee6d,STCBE-3,CAMP_DIW_01,P14,1020,BOGOF,22,73,50
1f03e5,STVJD-0,CAMP_DIW_01,P13,350,BOGOF,45,157,50
d3227b,STMYS-2,CAMP_DIW_01,P04,290,25% OFF,343,312,25
731f58,STMYS-0,CAMP_SAN_01,P05,55,25% OFF,28,22,25
98e55f,STBLR-4,CAMP_DIW_01,P06,415,25% OFF,101,90,25
dee3e9,STCBE-0,CAMP_SAN_01,P03,200,BOGOF,384,1509,50
3.59E+89,STBLR-3,CAMP_SAN_01,P06,415,25% OFF,22,16,25
4c1375,STHYD-4,CAMP_DIW_01,P10,65,50% OFF,148,196,50
480431,STVSK-2,CAMP_SAN_01,P04,370,BOGOF,408,1607,50
6d153f,STHYD-5,CAMP_SAN_01,P15,3000,500 Cashback,122,272,16.666
508621,STCBE-2,CAMP_SAN_01,P02,860,33% OFF,508,751,33
1fc58f,STMDU-1,CAMP_SAN_01,P01,172,33% OFF,244,334,33
a25cbf,STCHE-2,CAMP_DIW_01,P04,290,25% OFF,295,289,25
adf52a,STBLR-6,CAMP_DIW_01,P14,1020,BOGOF,47,179,50
c9899d,STTRV-1,CAMP_DIW_01,P02,860,33% OFF,199,300,33
17195,STCHE-4,CAMP_SAN_01,P11,190,50% OFF,45,64,50
e875c6,STCBE-2,CAMP_DIW_01,P03,156,25% OFF,225,195,25
69557f,STBLR-1,CAMP_DIW_01,P10,65,50% OFF,106,137,50
65f85a,STBLR-7,CAMP_SAN_01,P12,62,50% OFF,58,92,50
f45be0,STCHE-2,CAMP_SAN_01,P05,55,25% OFF,25,23,25
491ff2,STVJD-1,CAMP_SAN_01,P12,62,50% OFF,30,42,50
b7286f,STBLR-5,CAMP_SAN_01,P02,860,33% OFF,507,704,33
45512d,STMYS-3,CAMP_SAN_01,P04,370,BOGOF,336,1434,50
edac38,STBLR-1,CAMP_DIW_01,P11,190,50% OFF,70,93,50
4572a3,STCHE-1,CAMP_SAN_01,P11,190,50% OFF,48,55,50
896c2a,STTRV-0,CAMP_DIW_01,P04,290,25% OFF,180,171,25
308de6,STMDU-2,CAMP_DIW_01,P01,172,33% OFF,225,279,33
4fc1b2,STCHE-2,CAMP_DIW_01,P08,1190,BOGOF,47,165,50
a7fecb,STBLR-1,CAMP_SAN_01,P03,200,BOGOF,361,963,50
8564bb,STVSK-4,CAMP_SAN_01,P04,370,BOGOF,291,762,50
11ea6f,STMDU-2,CAMP_DIW_01,P04,290,25% OFF,271,243,25
cca40f,STBLR-1,CAMP_SAN_01,P12,62,50% OFF,73,102,50
f97b6d,STMLR-2,CAMP_DIW_01,P07,300,BOGOF,33,115,50
69a3d2,STTRV-1,CAMP_SAN_01,P08,1190,BOGOF,24,92,50
bdfb7d,STHYD-4,CAMP_SAN_01,P05,55,25% OFF,16,15,25
30f1c0,STVJD-1,CAMP_SAN_01,P07,300,BOGOF,22,88,50
390df2,STBLR-0,CAMP_SAN_01,P06,415,25% OFF,31,26,25
e0844a,STTRV-1,CAMP_DIW_01,P10,65,50% OFF,64,80,50
0a0062,STHYD-4,CAMP_DIW_01,P12,62,50% OFF,110,146,50
886ef2,STMLR-2,CAMP_DIW_01,P08,1190,BOGOF,22,73,50
2ef46d,STMDU-0,CAMP_DIW_01,P02,860,33% OFF,278,430,33
52d20e,STHYD-1,CAMP_DIW_01,P10,65,50% OFF,134,156,50
785811,STCHE-0,CAMP_SAN_01,P10,50,25% OFF,25,20,25
3952a0,STHYD-2,CAMP_SAN_01,P13,350,BOGOF,114,441,50
ed2257,STBLR-2,CAMP_DIW_01,P01,172,33% OFF,358,529,33
02c389,STBLR-8,CAMP_DIW_01,P12,62,50% OFF,120,159,50
a937e8,STMDU-3,CAMP_SAN_01,P14,1020,BOGOF,87,347,50
aabcfb,STVSK-3,CAMP_SAN_01,P02,860,33% OFF,345,438,33
5f8870,STMYS-1,CAMP_DIW_01,P13,350,BOGOF,70,270,50
e207f7,STCHE-1,CAMP_DIW_01,P11,190,50% OFF,77,83,50
9154f0,STCHE-4,CAMP_DIW_01,P11,190,50% OFF,91,123,50
e24a3a,STVSK-1,CAMP_DIW_01,P07,300,BOGOF,49,170,50
8c62ba,STVSK-0,CAMP_DIW_01,P01,172,33% OFF,161,265,33
835bbe,STHYD-4,CAMP_SAN_01,P09,90,25% OFF,54,49,25
4fe9ba,STVSK-2,CAMP_DIW_01,P07,300,BOGOF,45,150,50
e2c5f7,STTRV-0,CAMP_DIW_01,P08,1190,BOGOF,31,102,50
8f66c3,STMLR-1,CAMP_SAN_01,P01,172,33% OFF,126,175,33
9871ea,STVSK-1,CAMP_SAN_01,P10,50,25% OFF,25,18,25
b27f2a,STBLR-6,CAMP_SAN_01,P10,50,25% OFF,37,30,25
e88818,STCHE-7,CAMP_DIW_01,P06,415,25% OFF,82,79,25
eae379,STVJD-0,CAMP_DIW_01,P01,172,33% OFF,161,231,33
8937eb,STCHE-1,CAMP_DIW_01,P03,156,25% OFF,357,317,25
718bb4,STHYD-2,CAMP_DIW_01,P12,62,50% OFF,129,165,50
6f3721,STMDU-3,CAMP_SAN_01,P13,350,BOGOF,118,464,50
366c89,STMDU-3,CAMP_SAN_01,P06,415,25% OFF,25,20,25
a304b6,STHYD-3,CAMP_DIW_01,P03,156,25% OFF,285,222,25
32d8f2,STCHE-5,CAMP_SAN_01,P05,55,25% OFF,31,26,25
2f0b42,STVSK-1,CAMP_SAN_01,P01,172,33% OFF,213,302,33
c0929c,STHYD-0,CAMP_SAN_01,P05,55,25% OFF,18,14,25
86196b,STTRV-0,CAMP_SAN_01,P06,415,25% OFF,13,11,25
e621c9,STMLR-0,CAMP_SAN_01,P11,190,50% OFF,27,39,50
bb77b1,STMYS-3,CAMP_DIW_01,P14,1020,BOGOF,54,206,50
811007,STBLR-9,CAMP_SAN_01,P05,55,25% OFF,27,25,25
c405b3,STCBE-2,CAMP_DIW_01,P04,290,25% OFF,252,221,25
2.36E+34,STMDU-1,CAMP_DIW_01,P11,190,50% OFF,52,65,50
1490b8,STMDU-2,CAMP_SAN_01,P04,370,BOGOF,361,1397,50
cc5ed4,STMYS-2,CAMP_DIW_01,P03,156,25% OFF,444,395,25
583386,STBLR-9,CAMP_SAN_01,P08,1190,BOGOF,63,254,50
ebc2d2,STVSK-4,CAMP_DIW_01,P06,415,25% OFF,70,53,25
7d3d63,STCHE-1,CAMP_DIW_01,P13,350,BOGOF,68,205,50
6ebca9,STTRV-0,CAMP_SAN_01,P13,350,BOGOF,60,240,50
48d526,STCHE-7,CAMP_SAN_01,P15,3000,500 Cashback,115,332,16.666
716abd,STMYS-1,CAMP_SAN_01,P08,1190,BOGOF,54,238,50
fa0c0c,STCBE-1,CAMP_DIW_01,P13,350,BOGOF,40,132,50
c15780,STVJD-1,CAMP_SAN_01,P04,370,BOGOF,183,708,50
e17280,STVSK-2,CAMP_DIW_01,P08,1190,BOGOF,38,129,50
388a78,STMDU-0,CAMP_SAN_01,P03,200,BOGOF,307,1277,50
e116d8,STVSK-4,CAMP_DIW_01,P12,62,50% OFF,98,133,50
9cf38e,STCBE-3,CAMP_SAN_01,P09,90,25% OFF,40,32,25
e97ac0,STTRV-0,CAMP_SAN_01,P12,62,50% OFF,22,30,50
02fe6a,STMLR-1,CAMP_DIW_01,P04,290,25% OFF,152,133,25
a34aa4,STBLR-5,CAMP_DIW_01,P03,156,25% OFF,369,332,25
7f1521,STMYS-1,CAMP_SAN_01,P05,55,25% OFF,19,14,25
8d14e2,STBLR-8,CAMP_DIW_01,P05,55,25% OFF,105,82,25
7a22bc,STBLR-6,CAMP_DIW_01,P01,172,33% OFF,283,492,33
32c24e,STBLR-8,CAMP_DIW_01,P02,860,33% OFF,392,568,33
966652,STCBE-3,CAMP_DIW_01,P05,55,25% OFF,64,55,25
acaff0,STHYD-0,CAMP_DIW_01,P12,62,50% OFF,133,195,50
b91c31,STMYS-1,CAMP_DIW_01,P05,55,25% OFF,89,71,25
05e55f,STBLR-0,CAMP_SAN_01,P03,200,BOGOF,415,1759,50
108d5a,STCBE-0,CAMP_DIW_01,P14,1020,BOGOF,29,101,50
160abb,STCBE-3,CAMP_SAN_01,P02,860,33% OFF,336,534,33
613571,STTRV-1,CAMP_DIW_01,P15,3000,500 Cashback,168,514,16.666
fea4be,STMYS-3,CAMP_SAN_01,P07,300,BOGOF,30,129,50
d33301,STHYD-0,CAMP_DIW_01,P05,55,25% OFF,98,88,25
675714,STCBE-3,CAMP_DIW_01,P13,350,BOGOF,61,201,50
4cefe1,STMYS-1,CAMP_DIW_01,P12,62,50% OFF,127,185,50
34395c,STBLR-0,CAMP_DIW_01,P15,3000,500 Cashback,434,1514,16.666
90b5b0,STBLR-3,CAMP_SAN_01,P05,55,25% OFF,25,18,25
6e79d3,STBLR-2,CAMP_SAN_01,P04,370,BOGOF,373,1439,50
79bfae,STMYS-2,CAMP_DIW_01,P10,65,50% OFF,134,182,50
5202ed,STBLR-4,CAMP_DIW_01,P03,156,25% OFF,306,275,25
e31e72,STHYD-4,CAMP_SAN_01,P10,50,25% OFF,33,31,25
3131b7,STMYS-3,CAMP_SAN_01,P09,90,25% OFF,54,45,25
d134e0,STBLR-3,CAMP_DIW_01,P15,3000,500 Cashback,442,1365,16.666
605f5e,STVJD-0,CAMP_DIW_01,P06,415,25% OFF,52,50,25
d622c3,STHYD-0,CAMP_SAN_01,P10,50,25% OFF,25,20,25
fc3573,STMYS-2,CAMP_SAN_01,P08,1190,BOGOF,61,163,50
d4b484,STHYD-2,CAMP_DIW_01,P10,65,50% OFF,140,186,50
9c5d5a,STMDU-1,CAMP_DIW_01,P02,860,33% OFF,308,455,33
1507,STMDU-3,CAMP_DIW_01,P09,110,50% OFF,57,61,50
91fec3,STMYS-1,CAMP_DIW_01,P06,415,25% OFF,101,79,25
66c422,STBLR-5,CAMP_DIW_01,P07,300,BOGOF,66,227,50
0e888c,STVSK-3,CAMP_DIW_01,P02,860,33% OFF,274,334,33
fe72b2,STHYD-3,CAMP_SAN_01,P13,350,BOGOF,133,337,50
baecfe,STVJD-0,CAMP_SAN_01,P12,62,50% OFF,31,43,50
261bd6,STCHE-0,CAMP_DIW_01,P02,860,33% OFF,308,452,33
85e08f,STVSK-4,CAMP_DIW_01,P08,1190,BOGOF,50,152,50
73564c,STBLR-5,CAMP_SAN_01,P11,190,50% OFF,43,63,50
316f12,STHYD-6,CAMP_SAN_01,P05,55,25% OFF,33,27,25
eb3ac8,STHYD-0,CAMP_SAN_01,P06,415,25% OFF,42,34,25
930325,STTRV-0,CAMP_SAN_01,P09,90,25% OFF,31,28,25
292d0a,STMDU-0,CAMP_SAN_01,P01,172,33% OFF,219,304,33
d4fced,STHYD-0,CAMP_SAN_01,P13,350,BOGOF,132,520,50
da3d1d,STVSK-2,CAMP_DIW_01,P06,415,25% OFF,78,69,25
73f158,STHYD-2,CAMP_SAN_01,P14,1020,BOGOF,118,459,50
b8c7c8,STHYD-6,CAMP_SAN_01,P10,50,25% OFF,31,26,25
141aea,STCHE-7,CAMP_SAN_01,P14,1020,BOGOF,111,493,50
42ba27,STBLR-2,CAMP_DIW_01,P05,55,25% OFF,115,101,25
870b25,STMYS-0,CAMP_SAN_01,P04,370,BOGOF,418,1116,50
e3929b,STMYS-0,CAMP_DIW_01,P12,62,50% OFF,98,128,50
6562df,STCBE-1,CAMP_SAN_01,P14,1020,BOGOF,78,310,50
fe94ae,STMYS-1,CAMP_SAN_01,P04,370,BOGOF,450,1984,50
66b7cc,STCHE-3,CAMP_DIW_01,P13,350,BOGOF,82,328,50
3d7dc9,STCHE-1,CAMP_DIW_01,P10,65,50% OFF,127,133,50
5.40E+190,STBLR-0,CAMP_DIW_01,P02,860,33% OFF,362,535,33
1d8f76,STMYS-0,CAMP_DIW_01,P01,172,33% OFF,301,433,33
4e7ca5,STMYS-1,CAMP_DIW_01,P07,300,BOGOF,54,219,50
1bb04d,STCBE-3,CAMP_SAN_01,P01,172,33% OFF,240,355,33
793873,STVSK-2,CAMP_DIW_01,P03,156,25% OFF,248,225,25
536fbf,STMLR-2,CAMP_DIW_01,P15,3000,500 Cashback,217,659,16.666
b68b77,STCBE-0,CAMP_SAN_01,P01,172,33% OFF,244,368,33
434698,STVSK-0,CAMP_SAN_01,P12,62,50% OFF,39,63,50
021d48,STMLR-2,CAMP_SAN_01,P14,1020,BOGOF,61,243,50
a386d9,STCHE-2,CAMP_SAN_01,P09,90,25% OFF,54,50,25
b46d32,STMDU-1,CAMP_SAN_01,P04,370,BOGOF,337,1337,50
3af058,STVSK-3,CAMP_DIW_01,P07,300,BOGOF,36,108,50
0efde2,STCHE-7,CAMP_SAN_01,P03,200,BOGOF,448,1895,50
80be79,STBLR-4,CAMP_SAN_01,P08,1190,BOGOF,39,156,50
879d9a,STBLR-2,CAMP_DIW_01,P15,3000,500 Cashback,318,915,16.666
742ad5,STBLR-4,CAMP_DIW_01,P02,860,33% OFF,357,549,33
b2270b,STHYD-0,CAMP_DIW_01,P07,300,BOGOF,52,173,50
2e0f86,STMDU-2,CAMP_DIW_01,P12,62,50% OFF,71,80,50
d85264,STMLR-1,CAMP_SAN_01,P07,300,BOGOF,30,120,50
34e00a,STCBE-1,CAMP_DIW_01,P11,190,50% OFF,61,65,50
e918c8,STBLR-4,CAMP_SAN_01,P09,90,25% OFF,66,56,25
05d8e7,STMYS-1,CAMP_SAN_01,P12,62,50% OFF,45,71,50
a0da88,STMLR-2,CAMP_DIW_01,P03,156,25% OFF,204,175,25
4c7359,STVSK-2,CAMP_SAN_01,P09,90,25% OFF,43,35,25
f30579,STBLR-9,CAMP_DIW_01,P02,860,33% OFF,337,488,33
bed4b4,STMLR-1,CAMP_SAN_01,P10,50,25% OFF,13,10,25
c8035e,STCHE-3,CAMP_SAN_01,P13,350,BOGOF,122,529,50
8819fd,STBLR-2,CAMP_DIW_01,P04,290,25% OFF,350,304,25
6639a5,STMDU-0,CAMP_SAN_01,P07,300,BOGOF,31,130,50
dc23bb,STVSK-0,CAMP_DIW_01,P08,1190,BOGOF,42,145,50
df4373,STMDU-2,CAMP_SAN_01,P07,300,BOGOF,33,128,50
7c09bf,STVSK-4,CAMP_SAN_01,P10,50,25% OFF,21,15,25
8f512d,STCBE-3,CAMP_SAN_01,P04,370,BOGOF,364,1434,50
eb5927,STMDU-1,CAMP_SAN_01,P06,415,25% OFF,21,17,25
87bb82,STCBE-0,CAMP_SAN_01,P15,3000,500 Cashback,126,275,16.666
26e506,STCHE-0,CAMP_SAN_01,P09,90,25% OFF,72,59,25
fe4a15,STCBE-4,CAMP_SAN_01,P01,172,33% OFF,205,284,33
30c488,STTRV-0,CAMP_SAN_01,P01,172,33% OFF,132,187,33
7641,STBLR-1,CAMP_SAN_01,P14,1020,BOGOF,97,257,50
dabee8,STBLR-1,CAMP_SAN_01,P05,55,25% OFF,19,17,25
ba86f4,STVSK-1,CAMP_DIW_01,P13,350,BOGOF,61,204,50
4236be,STTRV-0,CAMP_SAN_01,P14,1020,BOGOF,70,280,50
c43947,STHYD-5,CAMP_SAN_01,P06,415,25% OFF,39,35,25
a617b5,STHYD-4,CAMP_SAN_01,P14,1020,BOGOF,102,410,50
d04921,STMLR-1,CAMP_DIW_01,P10,65,50% OFF,50,68,50
e60b61,STMLR-0,CAMP_SAN_01,P06,415,25% OFF,15,12,25
c9fa13,STHYD-4,CAMP_SAN_01,P04,370,BOGOF,403,1567,50
7bb8ed,STCHE-2,CAMP_SAN_01,P08,1190,BOGOF,45,175,50
20eb36,STCBE-1,CAMP_DIW_01,P10,65,50% OFF,80,92,50
166ffe,STMYS-1,CAMP_SAN_01,P10,50,25% OFF,28,20,25
985960,STCBE-4,CAMP_SAN_01,P06,415,25% OFF,21,17,25
4dcb0e,STBLR-8,CAMP_SAN_01,P03,200,BOGOF,360,1414,50
f304a8,STMYS-1,CAMP_DIW_01,P04,290,25% OFF,204,157,25
9b5299,STBLR-6,CAMP_DIW_01,P04,290,25% OFF,360,320,25
1130ea,STHYD-6,CAMP_DIW_01,P14,1020,BOGOF,45,155,50
0a2689,STBLR-8,CAMP_SAN_01,P12,62,50% OFF,55,77,50
03b653,STCBE-3,CAMP_DIW_01,P02,860,33% OFF,266,446,33
46d796,STHYD-6,CAMP_SAN_01,P07,300,BOGOF,51,205,50
d62a10,STCHE-7,CAMP_DIW_01,P13,350,BOGOF,63,242,50
380c68,STTRV-1,CAMP_DIW_01,P07,300,BOGOF,29,96,50
35418e,STTRV-0,CAMP_DIW_01,P14,1020,BOGOF,21,70,50
5f2bb8,STBLR-8,CAMP_SAN_01,P11,190,50% OFF,45,62,50
9.90E+87,STHYD-6,CAMP_DIW_01,P05,55,25% OFF,117,104,25
c25b15,STHYD-6,CAMP_DIW_01,P07,300,BOGOF,63,218,50
4f560f,STHYD-0,CAMP_SAN_01,P02,860,33% OFF,514,791,33
0a8543,STHYD-4,CAMP_DIW_01,P01,172,33% OFF,304,465,33
3edc10,STVSK-1,CAMP_DIW_01,P03,156,25% OFF,246,194,25
59effd,STBLR-5,CAMP_SAN_01,P14,1020,BOGOF,97,380,50
3b4a4f,STBLR-0,CAMP_DIW_01,P04,290,25% OFF,337,296,25
0ffbbc,STTRV-1,CAMP_SAN_01,P09,90,25% OFF,30,28,25
08086d,STBLR-7,CAMP_DIW_01,P10,65,50% OFF,120,188,50
c5ba9b,STMYS-0,CAMP_SAN_01,P01,172,33% OFF,279,401,33
d953a5,STBLR-1,CAMP_SAN_01,P01,172,33% OFF,297,418,33
be603f,STHYD-1,CAMP_DIW_01,P09,110,50% OFF,87,92,50
a02f06,STMLR-2,CAMP_SAN_01,P04,370,BOGOF,226,881,50
955fa6,STHYD-5,CAMP_DIW_01,P12,62,50% OFF,161,209,50
a42141,STMDU-1,CAMP_SAN_01,P15,3000,500 Cashback,85,195,16.666
e716e7,STBLR-7,CAMP_DIW_01,P09,110,50% OFF,78,117,50
4b515c,STVJD-1,CAMP_SAN_01,P02,860,33% OFF,274,394,33
9a1d69,STMDU-3,CAMP_DIW_01,P01,172,33% OFF,292,373,33
79d01b,STHYD-1,CAMP_DIW_01,P11,190,50% OFF,61,72,50
8b729b,STMDU-2,CAMP_SAN_01,P02,860,33% OFF,319,379,33
136c14,STHYD-1,CAMP_SAN_01,P03,200,BOGOF,328,833,50
94cacb,STCHE-0,CAMP_SAN_01,P12,62,50% OFF,55,79,50
5ce72d,STMLR-2,CAMP_SAN_01,P11,190,50% OFF,24,27,50
c873b4,STVSK-4,CAMP_DIW_01,P02,860,33% OFF,267,389,33
b9b7dd,STBLR-3,CAMP_DIW_01,P12,62,50% OFF,126,157,50
fb2c04,STVSK-0,CAMP_SAN_01,P08,1190,BOGOF,28,108,50
04f19c,STMYS-0,CAMP_DIW_01,P08,1190,BOGOF,50,146,50
3bcf8b,STCHE-6,CAMP_SAN_01,P14,1020,BOGOF,138,547,50
b78a4f,STCBE-3,CAMP_SAN_01,P13,350,BOGOF,99,383,50
1b1cf1,STBLR-8,CAMP_DIW_01,P09,110,50% OFF,61,77,50
dc07e1,STMYS-2,CAMP_SAN_01,P06,415,25% OFF,31,26,25
b92097,STCBE-4,CAMP_DIW_01,P03,156,25% OFF,257,221,25
ffb109,STVSK-2,CAMP_DIW_01,P15,3000,500 Cashback,204,589,16.666
11578,STHYD-3,CAMP_SAN_01,P14,1020,BOGOF,87,236,50
a0017b,STCBE-4,CAMP_SAN_01,P05,55,25% OFF,16,12,25
ac0db6,STBLR-8,CAMP_SAN_01,P06,415,25% OFF,22,16,25
1e8961,STBLR-3,CAMP_SAN_01,P12,62,50% OFF,61,84,50
f957f1,STMDU-1,CAMP_SAN_01,P10,50,25% OFF,22,18,25
a9ae21,STCBE-0,CAMP_DIW_01,P12,62,50% OFF,80,119,50
e5d28d,STVSK-0,CAMP_SAN_01,P13,350,BOGOF,73,282,50
4d22d1,STBLR-9,CAMP_SAN_01,P12,62,50% OFF,52,73,50
